﻿{
"STATION":
 [
  {
    "Title": "동작주차공원",
    "Sub_ad": "서울특별시 동작구 현충로 213 동작주차공원",
    "closed": "연중무휴",
    "Start_time": "0:00",
    "Finish_time": "24:00:00",
    "Type_ch": "",
    "Slow_ch": 0,
    "Rapid_ch": 1,
    "Fee": "Y",
    "Road_ad": "서울특별시 동작구 현충로 213 동작주차공원",
    "Parcel_ad": "",
    "Management": "한국환경공단",
    "Phone": "032-590-4000",
    "Latitude": 37.5038928,
    "Longitude": 126.9776544
  },
  {
    "Title": "현대자동차㈜남부서비스센터",
    "Sub_ad": "서울특별시 동작구 노량진로 53 현대자동차(주)남부서비스센터",
    "closed": "연중무휴",
    "Start_time": "0:00",
    "Finish_time": "24:00:00",
    "Type_ch": "",
    "Slow_ch": 0,
    "Rapid_ch": 1,
    "Fee": "N",
    "Road_ad": "서울특별시 동작구 노량진로 53 현대자동차(주)남부서비스센터",
    "Parcel_ad": "",
    "Management": "한국환경공단",
    "Phone": "032-590-4000",
    "Latitude": 37.5140068,
    "Longitude": 126.9344662
  },
  {
    "Title": "신구초교 공영노외주차장",
    "Sub_ad": "압구정로18길 28",
    "closed": "주말",
    "Start_time": "0:00",
    "Finish_time": "0:00",
    "Type_ch": "",
    "Slow_ch": 1,
    "Rapid_ch": 0,
    "Fee": "Y",
    "Road_ad": "서울특별시 강남구 압구정로18길 28",
    "Parcel_ad": "서울특별시 강남구 신사동 550-11",
    "Management": "에버온/한카",
    "Phone": "02-1661-8206",
    "Latitude": 37.5233594,
    "Longitude": 127.0152716
  },
  {
    "Title": "탄천2호 공영노외주차장",
    "Sub_ad": "열원동 4-49",
    "closed": "주말",
    "Start_time": "0:00",
    "Finish_time": "0:00",
    "Type_ch": "AC3상+DC차데모+DC콤보",
    "Slow_ch": 1,
    "Rapid_ch": 1,
    "Fee": "Y",
    "Road_ad": "서울특별시 강남구 열원동 4-49",
    "Parcel_ad": "서울특별시 강남구 일원동 4-49",
    "Management": "한국자동차환경협회전기차급속충전문의",
    "Phone": "1661-9408",
    "Latitude": 37.4939889,
    "Longitude": 127.078626
  },
  {
    "Title": "역삼1동문화센터 공영노외주차장",
    "Sub_ad": "역삼로7길 22",
    "closed": "주말",
    "Start_time": "0:00",
    "Finish_time": "0:00",
    "Type_ch": "",
    "Slow_ch": 1,
    "Rapid_ch": 0,
    "Fee": "Y",
    "Road_ad": "서울특별시 강남구 역삼로7길 22",
    "Parcel_ad": "서울특별시 강남구 역삼동 829-1",
    "Management": "에버온",
    "Phone": "02-1661-7766",
    "Latitude": 37.4955234,
    "Longitude": 127.0154015
  },
  {
    "Title": "도곡로21길 7 공영노외주차장",
    "Sub_ad": "도곡로21길 7",
    "closed": "주말",
    "Start_time": "0:00",
    "Finish_time": "0:00",
    "Type_ch": "",
    "Slow_ch": 1,
    "Rapid_ch": 0,
    "Fee": "Y",
    "Road_ad": "서울특별시 강남구 도곡로21길 7",
    "Parcel_ad": "서울특별시 강남구 역삼동 795-25",
    "Management": "에버온",
    "Phone": "02-1661-7766",
    "Latitude": 37.4925499,
    "Longitude": 127.0300988
  },
  {
    "Title": "치매지원센터 공영노외주차장",
    "Sub_ad": "선릉로108길 27",
    "closed": "주말",
    "Start_time": "0:00",
    "Finish_time": "0:00",
    "Type_ch": "",
    "Slow_ch": 1,
    "Rapid_ch": 0,
    "Fee": "Y",
    "Road_ad": "서울특별시 강남구 선릉로108길 27",
    "Parcel_ad": "서울특별시 강남구 삼성동 113-27",
    "Management": "에버온/한카",
    "Phone": "02-1661-7766",
    "Latitude": 37.5102707,
    "Longitude": 127.0375349
  },
  {
    "Title": "포이초교 공영노외주차장",
    "Sub_ad": "개포로22길 87",
    "closed": "주말",
    "Start_time": "0:00",
    "Finish_time": "0:00",
    "Type_ch": "",
    "Slow_ch": 1,
    "Rapid_ch": 0,
    "Fee": "Y",
    "Road_ad": "서울특별시 강남구 개포로22길 87",
    "Parcel_ad": "서울특별시 강남구 개포동 1273",
    "Management": "에버온/한카",
    "Phone": "02-1661-7766",
    "Latitude": 37.475672,
    "Longitude": 127.0433348
  },
  {
    "Title": "도곡초교 공영노외주차장",
    "Sub_ad": "선릉로64길 38",
    "closed": "주말",
    "Start_time": "0:00",
    "Finish_time": "0:00",
    "Type_ch": "",
    "Slow_ch": 1,
    "Rapid_ch": 0,
    "Fee": "Y",
    "Road_ad": "서울특별시 강남구 선릉로64길 38",
    "Parcel_ad": "서울특별시 강남구 대치동 935-17",
    "Management": "에버온/한카",
    "Phone": "02-1661-7766",
    "Latitude": 37.4984662,
    "Longitude": 127.046634
  },
  {
    "Title": "대치2문화센터 공영노외주차장",
    "Sub_ad": "영동대로65길 30",
    "closed": "주말",
    "Start_time": "0:00",
    "Finish_time": "0:00",
    "Type_ch": "",
    "Slow_ch": 1,
    "Rapid_ch": 0,
    "Fee": "Y",
    "Road_ad": "서울특별시 강남구 영동대로65길 30",
    "Parcel_ad": "서울특별시 강남구 대치동 980-15",
    "Management": "에버온",
    "Phone": "02-1661-7766",
    "Latitude": 37.5029636,
    "Longitude": 127.0541313
  },
  {
    "Title": "언주초교 공영노외주차장",
    "Sub_ad": "남부순환로363길 19",
    "closed": "주말",
    "Start_time": "0:00",
    "Finish_time": "0:00",
    "Type_ch": "",
    "Slow_ch": 1,
    "Rapid_ch": 0,
    "Fee": "Y",
    "Road_ad": "서울특별시 강남구 남부순환로363길 19",
    "Parcel_ad": "서울특별시 강남구 도곡동 922",
    "Management": "한카",
    "Phone": "02-1661-8206",
    "Latitude": 37.4862832,
    "Longitude": 127.0280261
  },
  {
    "Title": "논현초교 공영노외주차장",
    "Sub_ad": "강남대로120길 33",
    "closed": "주말",
    "Start_time": "0:00",
    "Finish_time": "0:00",
    "Type_ch": "",
    "Slow_ch": 1,
    "Rapid_ch": 0,
    "Fee": "Y",
    "Road_ad": "서울특별시 강남구 강남대로120길 33",
    "Parcel_ad": "서울특별시 강남구 논현동 168",
    "Management": "한카",
    "Phone": "02-1661-8206",
    "Latitude": 37.508169,
    "Longitude": 127.0172769
  },
  {
    "Title": "개포동공원 공영노외주차장",
    "Sub_ad": "개포로 509",
    "closed": "주말",
    "Start_time": "0:00",
    "Finish_time": "0:00",
    "Type_ch": "",
    "Slow_ch": 1,
    "Rapid_ch": 0,
    "Fee": "Y",
    "Road_ad": "서울특별시 강남구 개포로 509",
    "Parcel_ad": "서울특별시 강남구 개포동 182-1",
    "Management": "에버온",
    "Phone": "02-1661-7766",
    "Latitude": 37.4896688,
    "Longitude": 127.0595262
  },
  {
    "Title": "대왕초교 공영노외주차장",
    "Sub_ad": "세곡동 122-11",
    "closed": "주말",
    "Start_time": "9:00",
    "Finish_time": "19:00",
    "Type_ch": "",
    "Slow_ch": 1,
    "Rapid_ch": 0,
    "Fee": "Y",
    "Road_ad": "서울특별시 강남구 세곡동 122-11",
    "Parcel_ad": "서울특별시 강남구 세곡동 122-11",
    "Management": "에버온",
    "Phone": "02-1661-7766",
    "Latitude": 37.4646674,
    "Longitude": 127.0976866
  },
  {
    "Title": "이마트명일점 충전소",
    "Sub_ad": "이마트 명일점(E구역)",
    "closed": "둘째,넷째 일요일",
    "Start_time": "10:00",
    "Finish_time": "24:00:00",
    "Type_ch": "",
    "Slow_ch": 0,
    "Rapid_ch": 0,
    "Fee": "N",
    "Road_ad": "서울특별시 강동구 고덕로 276",
    "Parcel_ad": "",
    "Management": "",
    "Phone": "",
    "Latitude": 37.555076,
    "Longitude": 127.156106
  },
  {
    "Title": "남부초 공영주차장",
    "Sub_ad": "주차장 내",
    "closed": "연중무휴",
    "Start_time": "0:00",
    "Finish_time": "0:00",
    "Type_ch": "AC3상+DC차데모+DC콤보",
    "Slow_ch": 0,
    "Rapid_ch": 1,
    "Fee": "Y",
    "Road_ad": "서울특별시 관악구 남부순환로163길 14",
    "Parcel_ad": "서울특별시 관악구 신림동 467",
    "Management": "환경부 한국환경공단",
    "Phone": "032-590-3683",
    "Latitude": 37.484849,
    "Longitude": 126.922112
  },
  {
    "Title": "조원동 공영주차장",
    "Sub_ad": "주차장 내",
    "closed": "연중무휴",
    "Start_time": "0:00",
    "Finish_time": "0:00",
    "Type_ch": "AC3상+DC차데모+DC콤보",
    "Slow_ch": 0,
    "Rapid_ch": 1,
    "Fee": "Y",
    "Road_ad": "서울특별시 관악구 조원중앙로2길 19",
    "Parcel_ad": "서울특별시 관악구 신림동 571-6",
    "Management": "환경부 한국환경공단",
    "Phone": "032-590-3683",
    "Latitude": 37.481022,
    "Longitude": 126.905682
  },
  {
    "Title": "서울대정문 옆 구거부지 급속충전소",
    "Sub_ad": "서울대정문 옆 구거부지(서울대학교 버스정류장 옆)",
    "closed": "연중무휴",
    "Start_time": "0:00",
    "Finish_time": "0:00",
    "Type_ch": "AC3상+DC차데모+DC콤보",
    "Slow_ch": 0,
    "Rapid_ch": 2,
    "Fee": "N",
    "Road_ad": "서울특별시 관악구 신림동 799-3",
    "Parcel_ad": "서울특별시 관악구 신림동 799-3",
    "Management": "환경부 한국환경공단",
    "Phone": "032-590-3683",
    "Latitude": 37.46642,
    "Longitude": 126.948761
  },
  {
    "Title": "롯데마트 구로점",
    "Sub_ad": "롯데마트 구로점 지상주차장 5층",
    "closed": "매월 2,4주 일요일",
    "Start_time": "10:00",
    "Finish_time": "0:00",
    "Type_ch": "DC차 데모+AC 3상",
    "Slow_ch": 0,
    "Rapid_ch": 1,
    "Fee": "N",
    "Road_ad": "서울특별시 구로구 경인로 482",
    "Parcel_ad": "서울특별시 구로구 구로동 636-89",
    "Management": "환경부(한국자동차환경협회)",
    "Phone": "1661-9408",
    "Latitude": 37.4983042,
    "Longitude": 126.8727535
  },
  {
    "Title": "구로구청",
    "Sub_ad": "구로구청 광장 공영주차장",
    "closed": "연중무휴",
    "Start_time": "0:00",
    "Finish_time": "0:00",
    "Type_ch": "DC차 데모+AC 3상+DC콤보",
    "Slow_ch": 5,
    "Rapid_ch": 1,
    "Fee": "N",
    "Road_ad": "서울특별시 구로구 가마산로 245",
    "Parcel_ad": "서울특별시 구로구 구로동 435번지",
    "Management": "서울특별시 구로구청",
    "Phone": "02-860-3303",
    "Latitude": 37.4954703,
    "Longitude": 126.8876994
  },
  {
    "Title": "천왕역",
    "Sub_ad": "천왕역 환승주차장 1층",
    "closed": "연중무휴",
    "Start_time": "0:00",
    "Finish_time": "0:00",
    "Type_ch": "DC차 데모+AC 3상",
    "Slow_ch": 0,
    "Rapid_ch": 1,
    "Fee": "Y",
    "Road_ad": "",
    "Parcel_ad": "서울특별시 구로구 오류동 174-10",
    "Management": "환경부(한국자동차환경협회)",
    "Phone": "1661-9408",
    "Latitude": 37.4872576,
    "Longitude": 126.8391743
  },
  {
    "Title": "구로리공원",
    "Sub_ad": "구로리공원 전화부스",
    "closed": "연중무휴",
    "Start_time": "0:00",
    "Finish_time": "0:00",
    "Type_ch": "DC차 데모+AC 3상",
    "Slow_ch": 1,
    "Rapid_ch": 0,
    "Fee": "N",
    "Road_ad": "서울특별시 구로구 구로중앙로 17",
    "Parcel_ad": "서울특별시 구로구 구로4동 142-62",
    "Management": "㈜한카",
    "Phone": "1661-8206",
    "Latitude": 37.4916054,
    "Longitude": 126.8915577
  },
  {
    "Title": "구로리공원",
    "Sub_ad": "구로리공원 전화부스",
    "closed": "연중무휴",
    "Start_time": "0:00",
    "Finish_time": "0:00",
    "Type_ch": "DC차 데모+AC 3상+DC콤보",
    "Slow_ch": 0,
    "Rapid_ch": 1,
    "Fee": "N",
    "Road_ad": "서울특별시 구로구 구로중앙로 17",
    "Parcel_ad": "서울특별시 구로구 구로4동 142-62",
    "Management": "환경부(한국자동차환경협회)",
    "Phone": "1661-9408",
    "Latitude": 37.4916054,
    "Longitude": 126.8915577
  },
  {
    "Title": "고척근린공원",
    "Sub_ad": "고척근린공원 공영주차장 지하2층",
    "closed": "연중무휴",
    "Start_time": "0:00",
    "Finish_time": "0:00",
    "Type_ch": "DC차 데모+AC 3상+DC콤보",
    "Slow_ch": 0,
    "Rapid_ch": 1,
    "Fee": "N",
    "Road_ad": "서울특별시 구로구 고척로 52가길 65",
    "Parcel_ad": "서울특별시 구로구 고척동 164-12",
    "Management": "서울특별시 구로구 시설관리공단",
    "Phone": "02-839-4875",
    "Latitude": 37.5029715,
    "Longitude": 126.8527981
  },
  {
    "Title": "구로4동 공영주차장",
    "Sub_ad": "구로4동 공영주차장 지상1층",
    "closed": "연중무휴",
    "Start_time": "0:00",
    "Finish_time": "0:00",
    "Type_ch": "DC차 데모+AC 3상+DC콤보",
    "Slow_ch": "",
    "Rapid_ch": 1,
    "Fee": "N",
    "Road_ad": "서울특별시 구로구 구로동로 26길 54",
    "Parcel_ad": "서울특별시 구로구 구로동 741-27",
    "Management": "서울특별시 구로구 시설관리공단",
    "Phone": "02-839-4875",
    "Latitude": 37.4898684,
    "Longitude": 126.8872465
  },
  {
    "Title": "구로 롯데아파트",
    "Sub_ad": "구로 롯데아파트 주차장 지하1층",
    "closed": "연중무휴",
    "Start_time": "0:00",
    "Finish_time": "0:00",
    "Type_ch": "DC차 데모+AC 3상+DC콤보",
    "Slow_ch": 1,
    "Rapid_ch": 1,
    "Fee": "Y",
    "Road_ad": "서울특별시 구로구 새말로 31",
    "Parcel_ad": "서울특별시 구로구 구로동 1263",
    "Management": "구로롯데아파트관리사무소",
    "Phone": "02-857-8303",
    "Latitude": 37.5032924,
    "Longitude": 126.8841316
  },
  {
    "Title": "제일모직아울렛 건너편(공중전화부스)",
    "Sub_ad": "제일모직아울렛 건너편(공중전화부스)",
    "closed": "연중무휴",
    "Start_time": "0:00",
    "Finish_time": "0:00",
    "Type_ch": "DC차데모+AC3상+DC콤보",
    "Slow_ch": 0,
    "Rapid_ch": 1,
    "Fee": "N",
    "Road_ad": "서울특별시 금천구 가산동 239-27",
    "Parcel_ad": "서울특별시 금천구 가산동 239-27",
    "Management": "환경부(한국자동차환경협회)",
    "Phone": "1661-9408",
    "Latitude": 37.474445,
    "Longitude": 126.886753
  },
  {
    "Title": "홈플러스 시흥점",
    "Sub_ad": "홈플러스 시흥점",
    "closed": "2,4째 일요일",
    "Start_time": "10:00",
    "Finish_time": "24:00:00",
    "Type_ch": "DC차데모+AC3상",
    "Slow_ch": 0,
    "Rapid_ch": 1,
    "Fee": "Y",
    "Road_ad": "서울특별시 금천구 시흥대로 201",
    "Parcel_ad": "서울특별시 금천구 시흥동 992-47",
    "Management": "홈플러스",
    "Phone": "02-895-2080",
    "Latitude": 37.451819,
    "Longitude": 126.900758
  },
  {
    "Title": "독산1동 공영주차장",
    "Sub_ad": "독산1동 공영주차장",
    "closed": "연중무휴",
    "Start_time": "0:00",
    "Finish_time": "0:00",
    "Type_ch": "DC차데모+AC3상",
    "Slow_ch": 0,
    "Rapid_ch": 1,
    "Fee": "Y",
    "Road_ad": "서울특별시 금천구 범안로12가길 65",
    "Parcel_ad": "서울특별시 금천구 독산동 1006-94",
    "Management": "금천구시설관리공단",
    "Phone": "02-809-0061",
    "Latitude": 37.464909,
    "Longitude": 126.894747
  },
  {
    "Title": "노원에코센터 충전소",
    "Sub_ad": "서울특별시 노원구 상계동 770-2",
    "closed": "없음",
    "Start_time": "0:00",
    "Finish_time": "24:00:00",
    "Type_ch": "AC3상,DC차데모,DC콤보",
    "Slow_ch": 1,
    "Rapid_ch": 1,
    "Fee": "N",
    "Road_ad": "서울특별시 노원구 덕릉로 450",
    "Parcel_ad": "서울특별시 노원구 상계동 770-2",
    "Management": "한국자동차환경협회",
    "Phone": "1661-9408",
    "Latitude": 37.643872,
    "Longitude": 127.058538
  },
  {
    "Title": "창동역환승주차장 충전소",
    "Sub_ad": "창동역환승주차장",
    "closed": "연중무휴",
    "Start_time": "0:00",
    "Finish_time": "0:00",
    "Type_ch": "",
    "Slow_ch": 2,
    "Rapid_ch": 1,
    "Fee": "Y",
    "Road_ad": "서울특별시 도봉구 창4동1-9",
    "Parcel_ad": "서울특별시 도봉구 창4동1-9",
    "Management": "도봉구청",
    "Phone": "",
    "Latitude": 37.6540342,
    "Longitude": 127.048434
  },
  {
    "Title": "빅마켓 충전소",
    "Sub_ad": "방학동 빅마켓",
    "closed": "연중무휴",
    "Start_time": "10:00",
    "Finish_time": "22:00",
    "Type_ch": "",
    "Slow_ch": 0,
    "Rapid_ch": 1,
    "Fee": "N",
    "Road_ad": "서울특별시 도봉구 방학동 717-6",
    "Parcel_ad": "서울특별시 도봉구 방학동 717-6",
    "Management": "도봉구청",
    "Phone": "",
    "Latitude": 37.6675664,
    "Longitude": 127.0454944
  },
  {
    "Title": "도봉구청 충전소",
    "Sub_ad": "도봉구청 1층 주차장",
    "closed": "연중무휴",
    "Start_time": "0:00",
    "Finish_time": "0:00",
    "Type_ch": "",
    "Slow_ch": 1,
    "Rapid_ch": 1,
    "Fee": "Y",
    "Road_ad": "서울특별시 도봉구 마들로 656",
    "Parcel_ad": "",
    "Management": "도봉구청",
    "Phone": "",
    "Latitude": 37.6686287,
    "Longitude": 127.0470496
  },
  {
    "Title": "도봉구민회관 충전소",
    "Sub_ad": "도봉구민회관 1층 주차장",
    "closed": "연중무휴",
    "Start_time": "0:00",
    "Finish_time": "0:00",
    "Type_ch": "",
    "Slow_ch": 1,
    "Rapid_ch": 1,
    "Fee": "Y",
    "Road_ad": "서울특별시 도봉구 도봉로 552",
    "Parcel_ad": "",
    "Management": "도봉구청",
    "Phone": "",
    "Latitude": 37.6540005,
    "Longitude": 127.0386044
  },
  {
    "Title": "창1동공영주차장 충전소",
    "Sub_ad": "창1동공영주차장",
    "closed": "연중무휴",
    "Start_time": "9:00",
    "Finish_time": "18:00",
    "Type_ch": "",
    "Slow_ch": 1,
    "Rapid_ch": 0,
    "Fee": "Y",
    "Road_ad": "서울특별시 도봉구 창동 657-37",
    "Parcel_ad": "서울특별시 도봉구 창동 657-37",
    "Management": "도봉구청",
    "Phone": "",
    "Latitude": 37.6470878,
    "Longitude": 127.0371648
  },
  {
    "Title": "동작주차공원",
    "Sub_ad": "서울특별시 동작구 현충로 213 동작주차공원",
    "closed": "연중무휴",
    "Start_time": "0:00",
    "Finish_time": "24:00:00",
    "Type_ch": "",
    "Slow_ch": 0,
    "Rapid_ch": 1,
    "Fee": "Y",
    "Road_ad": "서울특별시 동작구 현충로 213 동작주차공원",
    "Parcel_ad": "",
    "Management": "한국환경공단",
    "Phone": "032-590-4000",
    "Latitude": 37.5038928,
    "Longitude": 126.9776544
  },
  {
    "Title": "현대자동차㈜남부서비스센터",
    "Sub_ad": "서울특별시 동작구 노량진로 53 현대자동차(주)남부서비스센터",
    "closed": "연중무휴",
    "Start_time": "0:00",
    "Finish_time": "24:00:00",
    "Type_ch": "",
    "Slow_ch": 0,
    "Rapid_ch": 1,
    "Fee": "N",
    "Road_ad": "서울특별시 동작구 노량진로 53 현대자동차(주)남부서비스센터",
    "Parcel_ad": "",
    "Management": "한국환경공단",
    "Phone": "032-590-4000",
    "Latitude": 37.5140068,
    "Longitude": 126.9344662
  },
  {
    "Title": "서대문구청",
    "Sub_ad": "서대문구청 주차장",
    "closed": "연중무휴",
    "Start_time": "0:00",
    "Finish_time": "24:00:00",
    "Type_ch": "AC3상+DC차데모+DC콤보",
    "Slow_ch": 1,
    "Rapid_ch": 1,
    "Fee": "Y",
    "Road_ad": "서울특별시 서대문구 연희로 248",
    "Parcel_ad": "서울특별시 서대문구 연희동 168-6",
    "Management": "한국자동차환경협회",
    "Phone": "02-3473-1221",
    "Latitude": 37.578831,
    "Longitude": 126.936282
  },
  {
    "Title": "서초구청",
    "Sub_ad": "서초구청 주차장 요금정산소 옆",
    "closed": "연중무휴",
    "Start_time": "0:00",
    "Finish_time": "24:00:00",
    "Type_ch": "",
    "Slow_ch": 2,
    "Rapid_ch": 0,
    "Fee": "N",
    "Road_ad": "서울특별시 서초구 남부순환로 2584서초구청",
    "Parcel_ad": "서울특별시 서초구 서초동 1376-3서초구청",
    "Management": "서초구청(행정지원과)",
    "Phone": "02-2155-6143",
    "Latitude": 37.290233,
    "Longitude": 127.0015528
  },
  {
    "Title": "서초구청",
    "Sub_ad": "서초구청 본관 뒤쪽",
    "closed": "연중무휴",
    "Start_time": "0:00",
    "Finish_time": "24:00:00",
    "Type_ch": "",
    "Slow_ch": 2,
    "Rapid_ch": 0,
    "Fee": "N",
    "Road_ad": "서울특별시 서초구 남부순환로 2584서초구청",
    "Parcel_ad": "서울특별시 서초구 서초동 1376-3서초구청",
    "Management": "서초구청(보건소)",
    "Phone": "02-2155-8014",
    "Latitude": 37.285995,
    "Longitude": 127.015689
  },
  {
    "Title": "방배복개2주차장",
    "Sub_ad": "주차장 대로변쪽",
    "closed": "일·공휴일",
    "Start_time": "10:00",
    "Finish_time": "23:00",
    "Type_ch": "",
    "Slow_ch": 2,
    "Rapid_ch": 0,
    "Fee": "N",
    "Road_ad": "",
    "Parcel_ad": "서울특별시 서초구 방배동 493-5서초구청",
    "Management": "유창균",
    "Phone": "02-3473-8426",
    "Latitude": 37.285791,
    "Longitude": 126.585714
  },
  {
    "Title": "미도아파트앞 공영주차장",
    "Sub_ad": "4층(옥상)",
    "closed": "연중무휴",
    "Start_time": "0:00",
    "Finish_time": "24:00:00",
    "Type_ch": "",
    "Slow_ch": 1,
    "Rapid_ch": 0,
    "Fee": "N",
    "Road_ad": "서울특별시 서초구 서초중앙로31길 14-5서초구청",
    "Parcel_ad": "서울특별시 서초구 반포동 49-8서초구청",
    "Management": "남대우",
    "Phone": "02-590-7211",
    "Latitude": 37.295947,
    "Longitude": 127.003794
  },
  {
    "Title": "반포방음언덕형공영주차장",
    "Sub_ad": "주차장 2층 좌측",
    "closed": "연중무휴",
    "Start_time": "0:00",
    "Finish_time": "24:00:00",
    "Type_ch": "",
    "Slow_ch": 1,
    "Rapid_ch": 0,
    "Fee": "N",
    "Road_ad": "서울특별시 서초구 주흥3길 34서초구청",
    "Parcel_ad": "서울특별시 서초구 반포동 730서초구청",
    "Management": "이선미",
    "Phone": "02-511-6003",
    "Latitude": 37.301616,
    "Longitude": 127.010656
  },
  {
    "Title": "현대자동차 동부서비스센터",
    "Sub_ad": "입구 안내데스크 옆",
    "closed": "연중무휴",
    "Start_time": "0:00",
    "Finish_time": "0:00",
    "Type_ch": "AC",
    "Slow_ch": 1,
    "Rapid_ch": 1,
    "Fee": "N",
    "Road_ad": "서울특별시 성동구 성수이로26길 61",
    "Parcel_ad": "서울특별시 성동구 성수2가3동 279-29",
    "Management": "현대자동차 동부서비스센터",
    "Phone": "02-3408-8000",
    "Latitude": 37.5261,
    "Longitude": 126.8971
  },
  {
    "Title": "기아자동차 성동서비스센터",
    "Sub_ad": "입구 안내데스크 옆",
    "closed": "연중무휴",
    "Start_time": "0:00",
    "Finish_time": "0:00",
    "Type_ch": "DC차데모+AC3상",
    "Slow_ch": 1,
    "Rapid_ch": 0,
    "Fee": "N",
    "Road_ad": "서울특별시 성동구 성수이로 134",
    "Parcel_ad": "서울특별시 성동구 성수2가3동 277-15",
    "Management": "기아자동차 성동서비스센터",
    "Phone": "02-498-8585",
    "Latitude": 37.546916,
    "Longitude": 126.887699
  },
  {
    "Title": "송파구청",
    "Sub_ad": "송파구청 지상주차장",
    "closed": "없음",
    "Start_time": "0:00",
    "Finish_time": "0:00",
    "Type_ch": "DC차데모+AC3상+DC콤보",
    "Slow_ch": 0,
    "Rapid_ch": 1,
    "Fee": "Y",
    "Road_ad": "서울특별시 송파구 올림픽로 326",
    "Parcel_ad": "서울특별시 송파구 신천동 29-5",
    "Management": "서울특별시 송파구청",
    "Phone": "02-2147-2131",
    "Latitude": 37.514447,
    "Longitude": 127.105918
  },
  {
    "Title": "롯데마트 잠실점",
    "Sub_ad": "롯데마트 잠실점 지하주차장 1층 M148구역",
    "closed": "매월2,4주일요일",
    "Start_time": "10:00",
    "Finish_time": "0:00",
    "Type_ch": "DC차데모+AC3상",
    "Slow_ch": 0,
    "Rapid_ch": 1,
    "Fee": "Y",
    "Road_ad": "서울특별시 송파구 올림픽로 240",
    "Parcel_ad": "서울특별시 송파구 잠실동 40-1",
    "Management": "전기자동차 헬프데스크",
    "Phone": "1661-9408",
    "Latitude": 37.511267,
    "Longitude": 127.080518
  },
  {
    "Title": "복정역 공영주차장",
    "Sub_ad": "서울특별시 송파구 장지동",
    "closed": "없음",
    "Start_time": "0:00",
    "Finish_time": "0:00",
    "Type_ch": "DC차데모+AC3상",
    "Slow_ch": 0,
    "Rapid_ch": 1,
    "Fee": "Y",
    "Road_ad": "서울특별시 송파구 장지동",
    "Parcel_ad": "서울특별시 송파구 장지동",
    "Management": "전기자동차 헬프데스크",
    "Phone": "1661-9408",
    "Latitude": 37.469749,
    "Longitude": 127.126622
  },
  {
    "Title": "홈플러스 영등포점",
    "Sub_ad": "주차장 내",
    "closed": "x",
    "Start_time": "10:00",
    "Finish_time": "0:00",
    "Type_ch": "DC차데모+AC3상+DC콤보",
    "Slow_ch": 0,
    "Rapid_ch": 1,
    "Fee": "N",
    "Road_ad": "서울특별시 영등포구 당산로42",
    "Parcel_ad": "서울특별시 영등포구 문래동3가 55-3",
    "Management": "환경관리공단",
    "Phone": "032-590-3678",
    "Latitude": 37.518171,
    "Longitude": 126.895916
  },
  {
    "Title": "당산에스에이치빌 아파트 앞",
    "Sub_ad": "아파트 앞 도로",
    "closed": "x",
    "Start_time": "0:00",
    "Finish_time": "0:00",
    "Type_ch": "DC차데모+AC3상+DC콤보",
    "Slow_ch": 0,
    "Rapid_ch": 1,
    "Fee": "N",
    "Road_ad": "",
    "Parcel_ad": "서울특별시 영등포구 당산동3가 2-4",
    "Management": "한국전력",
    "Phone": "02-787-8341",
    "Latitude": 37.524288,
    "Longitude": 126.901646
  },
  {
    "Title": "신길제5동 주민센터",
    "Sub_ad": "주민센터 주차장",
    "closed": "x",
    "Start_time": "0:00",
    "Finish_time": "0:00",
    "Type_ch": "DC차데모+AC3상+DC콤보",
    "Slow_ch": 0,
    "Rapid_ch": 1,
    "Fee": "N",
    "Road_ad": "서울특별시 영등포구 도림로 264",
    "Parcel_ad": "서울특별시 영등포구 신길동 422",
    "Management": "한국전력",
    "Phone": "02-787-8341",
    "Latitude": 37.501598,
    "Longitude": 126.905189
  },
  {
    "Title": "영등포 제3공영 주차장",
    "Sub_ad": "공영주차장 내",
    "closed": "x",
    "Start_time": "0:00",
    "Finish_time": "0:00",
    "Type_ch": "DC차데모+AC3상+DC콤보",
    "Slow_ch": 0,
    "Rapid_ch": 1,
    "Fee": "Y",
    "Road_ad": "서울특별시 영등포구 영중로3길 7",
    "Parcel_ad": "서울특별시 영등포구 영등포동4가 425-6",
    "Management": "환경관리공단",
    "Phone": "032-590-3678",
    "Latitude": 37.516394,
    "Longitude": 126.905528
  },
  {
    "Title": "신길4동1마을공원 공영주차장",
    "Sub_ad": "공영주차장 내",
    "closed": "x",
    "Start_time": "0:00",
    "Finish_time": "0:00",
    "Type_ch": "DC차데모+AC3상+DC콤보",
    "Slow_ch": 0,
    "Rapid_ch": 1,
    "Fee": "Y",
    "Road_ad": "서울특별시 영등포구 신길로40길 5",
    "Parcel_ad": "서울특별시 영등포구 신길동 232-20",
    "Management": "환경관리공단",
    "Phone": "032-590-3678",
    "Latitude": 37.50708,
    "Longitude": 126.911729
  },
  {
    "Title": "영등포구청 환승공영주차장",
    "Sub_ad": "영등포구청 환승공영주차장 내",
    "closed": "x",
    "Start_time": "6:00",
    "Finish_time": "21:00",
    "Type_ch": "DC차데모+AC3상+DC콤보",
    "Slow_ch": 0,
    "Rapid_ch": 1,
    "Fee": "Y",
    "Road_ad": "서울특별시 영등포구 양산로111",
    "Parcel_ad": "서울특별시 영등포구 당산동3가 370-4",
    "Management": "시그넷시스템",
    "Phone": "070-4618-0124",
    "Latitude": 37.524747,
    "Longitude": 126.895454
  },
  {
    "Title": "영등포구청 별관",
    "Sub_ad": "영등포구청 별관 주차장 내",
    "closed": "x",
    "Start_time": "0:00",
    "Finish_time": "0:00",
    "Type_ch": "N",
    "Slow_ch": 2,
    "Rapid_ch": 0,
    "Fee": "Y",
    "Road_ad": "서울특별시 영등포구 선유동1로 80",
    "Parcel_ad": "서울특별시 영등포구 당산동3가 560",
    "Management": "㈜피앤이솔루션",
    "Phone": "070-4338-3505",
    "Latitude": 37.528402,
    "Longitude": 126.894421
  },
  {
    "Title": "영등포구청 본관",
    "Sub_ad": "영등포구청 본관 지하주차장 1층",
    "closed": "x",
    "Start_time": "0:00",
    "Finish_time": "0:00",
    "Type_ch": "N",
    "Slow_ch": 3,
    "Rapid_ch": 0,
    "Fee": "Y",
    "Road_ad": "서울특별시 영등포구 당산로 123",
    "Parcel_ad": "서울특별시 영등포구 당산동3가 385-1",
    "Management": "㈜피앤이솔루션",
    "Phone": "070-4338-3505",
    "Latitude": 37.526147,
    "Longitude": 126.896175
  },
  {
    "Title": "구파발역환승주차장",
    "Sub_ad": "지하주차장1층 20구역",
    "closed": "연중무휴",
    "Start_time": "0:00",
    "Finish_time": "24:00:00",
    "Type_ch": "AC3상+DC차데모",
    "Slow_ch": 0,
    "Rapid_ch": 1,
    "Fee": "Y",
    "Road_ad": "",
    "Parcel_ad": "서울특별시 은평구 진관동 66-30",
    "Management": "환경부(한국자동차환경협회)",
    "Phone": "1661-9408",
    "Latitude": 37.638763,
    "Longitude": 126.918944
  },
  {
    "Title": "이마트은평점",
    "Sub_ad": "지하주차장4층 A구역",
    "closed": "매월 둘째, 넷째주 일요일",
    "Start_time": "10:00",
    "Finish_time": "24:00:00",
    "Type_ch": "AC3상+DC차데모",
    "Slow_ch": 0,
    "Rapid_ch": 1,
    "Fee": "Y",
    "Road_ad": "서울특별시 은평구 은평로 111",
    "Parcel_ad": "서울특별시 은평구 응암동 90-1",
    "Management": "환경부(한국자동차환경협회)",
    "Phone": "1661-9408",
    "Latitude": 37.600306,
    "Longitude": 126.920113
  },
  {
    "Title": "종묘공영주차장",
    "Sub_ad": "서울특별시 종로구 종로 157, 지하주차장 4층 하층 T구역",
    "closed": "연중무휴",
    "Start_time": "0:00",
    "Finish_time": "24:00:00",
    "Type_ch": "DC차데모+AC3상",
    "Slow_ch": 0,
    "Rapid_ch": 1,
    "Fee": "Y",
    "Road_ad": "서울특별시 종로구 종로 157",
    "Parcel_ad": "서울특별시 종로구 훈정동 1-2",
    "Management": "환경부(한국자동차환경협회)",
    "Phone": "1661-9408",
    "Latitude": 37.571208,
    "Longitude": 126.995485
  },
  {
    "Title": "광화문열린마당주차장",
    "Sub_ad": "서울특별시 종로구 세종로 76-2",
    "closed": "연중무휴",
    "Start_time": "0:00",
    "Finish_time": "24:00:00",
    "Type_ch": "DC차데모+AC3상+DC콤보",
    "Slow_ch": 3,
    "Rapid_ch": 1,
    "Fee": "N",
    "Road_ad": "서울특별시 종로구 종로1길 55",
    "Parcel_ad": "서울특별시 종로구 세종로 76-2",
    "Management": "한국전기차충전서비스",
    "Phone": "1522-1782",
    "Latitude": 37.575125,
    "Longitude": 126.978335
  },
  {
    "Title": "세종로공영주차장",
    "Sub_ad": "서울특별시 종로구 세종대로 189, 지하주차장 4층 D구역 계단실 앞",
    "closed": "연중무휴",
    "Start_time": "0:00",
    "Finish_time": "24:00:00",
    "Type_ch": "DC차데모+AC3상+DC콤보",
    "Slow_ch": 0,
    "Rapid_ch": 1,
    "Fee": "Y",
    "Road_ad": "서울특별시 종로구 세종대로 189",
    "Parcel_ad": "서울특별시 종로구 세종로 80-1",
    "Management": "환경부(한국자동차환경협회)",
    "Phone": "1661-9408",
    "Latitude": 37.573363,
    "Longitude": 126.975841
  },
  {
    "Title": "그랜드앰배서더 서울",
    "Sub_ad": "주차장 내",
    "closed": "연중무휴",
    "Start_time": "0:00",
    "Finish_time": "24:00:00",
    "Type_ch": "DC차데모+AC3상+DC콤보",
    "Slow_ch": 0,
    "Rapid_ch": 1,
    "Fee": "N",
    "Road_ad": "서울특별시 중구 동호로 287",
    "Parcel_ad": "서울특별시 중구 장충동2가 186-54",
    "Management": "환경부(한국자동차환경협회)",
    "Phone": "1661-9408",
    "Latitude": 37.5601325,
    "Longitude": 127.00231
  },
  {
    "Title": "중랑구청",
    "Sub_ad": "중랑구청 지하주차장",
    "closed": "매주 토,일",
    "Start_time": "9:00",
    "Finish_time": "18:00",
    "Type_ch": "",
    "Slow_ch": 2,
    "Rapid_ch": 0,
    "Fee": "Y",
    "Road_ad": "서울특별시 중랑구 봉화산로 179",
    "Parcel_ad": "서울특별시 중랑구 신내동 662",
    "Management": "중랑구청 총무과",
    "Phone": "02-2094-0323",
    "Latitude": 37.606568,
    "Longitude": 127.092624
  },
  {
    "Title": "홈플러스 목동점",
    "Sub_ad": "홈플러스 목동점 지상주차장 2층 01구역",
    "closed": "매월2,4주 일요일",
    "Start_time": "10:00",
    "Finish_time": "24:00:00",
    "Type_ch": "DC차데모+AC3상",
    "Slow_ch": 0,
    "Rapid_ch": 1,
    "Fee": "Y",
    "Road_ad": "서울특별시 양천구 목동서로 170 (목동)",
    "Parcel_ad": "서울특별시 양천구 목동 919-7",
    "Management": "환경부(한국자동차환경협회)",
    "Phone": "1661-9408",
    "Latitude": 37.5302405,
    "Longitude": 126.8556789
  },
  {
    "Title": "이마트 목동점",
    "Sub_ad": "이마트 목동점 본관 B4층 E9구역",
    "closed": "매월2,4주 일요일",
    "Start_time": "10:00",
    "Finish_time": "23:00",
    "Type_ch": "AC완속",
    "Slow_ch": 2,
    "Rapid_ch": 0,
    "Fee": "Y",
    "Road_ad": "서울특별시 양천구 오목로 299 (목동)",
    "Parcel_ad": "서울특별시 양천구 목동 962",
    "Management": "포스코ICT",
    "Phone": "1600-4047",
    "Latitude": 37.5258085,
    "Longitude": 126.8527747
  },
  {
    "Title": "이마트 신월점",
    "Sub_ad": "이마트 신월점 옥외1층",
    "closed": "매월2,4주 일요일",
    "Start_time": "10:00",
    "Finish_time": "23:00",
    "Type_ch": "AC완속",
    "Slow_ch": 1,
    "Rapid_ch": 0,
    "Fee": "Y",
    "Road_ad": "서울특별시 양천구 화곡로 59 (신월동)",
    "Parcel_ad": "서울특별시 양천구 신월동 26",
    "Management": "포스코ICT",
    "Phone": "1600-4047",
    "Latitude": 37.5397464,
    "Longitude": 126.8109602
  },
  {
    "Title": "한국전력 강서양천지사",
    "Sub_ad": "한국전력 강서양천지사 1층 주차장",
    "closed": "없음",
    "Start_time": "0:00",
    "Finish_time": "24:00:00",
    "Type_ch": "DC차데모+AC3상+DC콤보",
    "Slow_ch": 0,
    "Rapid_ch": 1,
    "Fee": "N",
    "Road_ad": "서울특별시 양천구 목동서로 313",
    "Parcel_ad": "서울특별시 양천구 신정동 319-1",
    "Management": "한국전력",
    "Phone": "1899-2100",
    "Latitude": 37.5198568,
    "Longitude": 126.8682549
  },
  {
    "Title": "목동 공영주차장",
    "Sub_ad": "목동 공영주차장",
    "closed": "없음",
    "Start_time": "0:00",
    "Finish_time": "24:00:00",
    "Type_ch": "AC완속/DC차데모+AC3상+DC콤보",
    "Slow_ch": 2,
    "Rapid_ch": 1,
    "Fee": "Y",
    "Road_ad": "서울특별시 양천구 목동동로 298",
    "Parcel_ad": "서울특별시 양천구 목동 915",
    "Management": "환경부(한국자동차환경협회)",
    "Phone": "1661-9408",
    "Latitude": 37.5286831,
    "Longitude": 126.8763066
  },
  {
    "Title": "가로공원 공영주차장",
    "Sub_ad": "가로공원 공영주차장",
    "closed": "없음",
    "Start_time": "0:00",
    "Finish_time": "24:00:00",
    "Type_ch": "AC완속",
    "Slow_ch": 4,
    "Rapid_ch": 0,
    "Fee": "Y",
    "Road_ad": "서울특별시 양천구 가로공원로 지하 133",
    "Parcel_ad": "서울특별시 양천구 신월동 263",
    "Management": "환경부(한국자동차환경협회)",
    "Phone": "1661-9408",
    "Latitude": 37.5370653,
    "Longitude": 126.8252774
  },
  {
    "Title": "해맞이 공영주차장",
    "Sub_ad": "해맞이 공영주차장",
    "closed": "없음",
    "Start_time": "0:00",
    "Finish_time": "24:00:00",
    "Type_ch": "DC차데모+AC3상+DC콤보",
    "Slow_ch": 0,
    "Rapid_ch": 1,
    "Fee": "Y",
    "Road_ad": "서울특별시 양천구 지양로 47",
    "Parcel_ad": "서울특별시 양천구 신월7동 987",
    "Management": "환경부(한국자동차환경협회)",
    "Phone": "1661-9408",
    "Latitude": 37.5199297,
    "Longitude": 126.8326622
  },
  {
    "Title": "다락골 공영주차장",
    "Sub_ad": "다락골 공영주차장",
    "closed": "없음",
    "Start_time": "0:00",
    "Finish_time": "24:00:00",
    "Type_ch": "AC완속",
    "Slow_ch": 2,
    "Rapid_ch": 0,
    "Fee": "Y",
    "Road_ad": "서울특별시 양천구 중앙로 29길 41",
    "Parcel_ad": "서울특별시 양천구 신정3동 1158-1",
    "Management": "환경부(한국자동차환경협회)",
    "Phone": "1661-9408",
    "Latitude": 37.5161002,
    "Longitude": 126.8474497
  }
]
}