{
"DESCRIPTION" : {"WGS84_Y":"중심 좌표 Y","WGS84_X":"중심 좌표 X","H_KOR_GU":"행정 구","KOR_ALIAS":"alias","H_KOR_CITY":"행정 시","NM_DP":"검색 키워드","LAW_HEMD":"법정 동","ADD_KOR":"지번 주소","NAME_KOR":"최종 표기명","MAIN_KEY":"키","LAW_SIDO":"법정 시","H_KOR_DONG":"행정 동","LAW_SGG":"법정 구"},
"DATA" : [
{"WGS84_Y":37.4632016047,"WGS84_X":126.9345984302,"H_KOR_GU":"관악구","KOR_ALIAS":"서울신림동민속순대타운","H_KOR_CITY":"서울특별시","NM_DP":"서울신림동민속순대타운","LAW_HEMD":"신림동","ADD_KOR":"서울시 관악구 서원동 일대","NAME_KOR":"서울신림동민속순대타운","MAIN_KEY":"BE_IW01-0042","LAW_SIDO":"서울특별시","H_KOR_DONG":"서원동","LAW_SGG":"관악구"},
{"WGS84_Y":37.5611107256,"WGS84_X":126.9465464425,"H_KOR_GU":"서대문구","KOR_ALIAS":"이대구제거리","H_KOR_CITY":"서울특별시","NM_DP":"이대/구제거리","LAW_HEMD":"대현동","ADD_KOR":"서울시 서대문구 신촌동 일대","NAME_KOR":"이대구제거리","MAIN_KEY":"BE_IW01-0043","LAW_SIDO":"서울특별시","H_KOR_DONG":"신촌동","LAW_SGG":"서대문구"},
{"WGS84_Y":37.5744028289,"WGS84_X":126.9873802368,"H_KOR_GU":"종로구","KOR_ALIAS":"피맛골","H_KOR_CITY":"서울특별시","NM_DP":"피맛골","LAW_HEMD":"청진동","ADD_KOR":"서울시 종로구 종로1.2.3.4가동 일대","NAME_KOR":"피맛골","MAIN_KEY":"BE_IW01-0044","LAW_SIDO":"서울특별시","H_KOR_DONG":"종로1.2.3.4가동","LAW_SGG":"종로구"},
{"WGS84_Y":37.5385603718,"WGS84_X":127.1470468799,"H_KOR_GU":"강동구","KOR_ALIAS":"병천토속순대","H_KOR_CITY":"서울특별시","NM_DP":"병천토속순대","LAW_HEMD":"길동","ADD_KOR":"서울시 강동구 길동 일대","NAME_KOR":"병천토속순대","MAIN_KEY":"BE_IW01-0045","LAW_SIDO":"서울특별시","H_KOR_DONG":"길동","LAW_SGG":"강동구"},
{"WGS84_Y":37.5510497104,"WGS84_X":127.0824623102,"H_KOR_GU":"광진구","KOR_ALIAS":"능동로","H_KOR_CITY":"서울특별시","NM_DP":"능동로","LAW_HEMD":"능동","ADD_KOR":"서울시 광진구 능동 일대","NAME_KOR":"능동로","MAIN_KEY":"BE_IW01-0046","LAW_SIDO":"서울특별시","H_KOR_DONG":"능동","LAW_SGG":"광진구"},
{"WGS84_Y":37.5365973016,"WGS84_X":126.8758936853,"H_KOR_GU":"양천구","KOR_ALIAS":"축제의거리","H_KOR_CITY":"서울특별시","NM_DP":"축제의거리","LAW_HEMD":"목동","ADD_KOR":"서울시 양천구 목1동 일대","NAME_KOR":"축제의거리","MAIN_KEY":"BE_IW01-0047","LAW_SIDO":"서울특별시","H_KOR_DONG":"목1동","LAW_SGG":"양천구"},
{"WGS84_Y":37.4787998297,"WGS84_X":126.9940983899,"H_KOR_GU":"서초구","KOR_ALIAS":"방배동카페골목","H_KOR_CITY":"서울특별시","NM_DP":"방배동/카페골목","LAW_HEMD":"방배동","ADD_KOR":"서울시 서초구 방배본동 일대","NAME_KOR":"방배동카페골목","MAIN_KEY":"BE_IW01-0048","LAW_SIDO":"서울특별시","H_KOR_DONG":"방배본동","LAW_SGG":"서초구"},
{"WGS84_Y":37.568058597,"WGS84_X":126.9788194313,"H_KOR_GU":"중구","KOR_ALIAS":"명동거리","H_KOR_CITY":"서울특별시","NM_DP":"명동거리","LAW_HEMD":"명동2가","ADD_KOR":"서울시 중구 명동 일대","NAME_KOR":"명동거리","MAIN_KEY":"BE_IW01-0049","LAW_SIDO":"서울특별시","H_KOR_DONG":"명동","LAW_SGG":"중구"},
{"WGS84_Y":37.592642472,"WGS84_X":126.9217039604,"H_KOR_GU":"은평구","KOR_ALIAS":"응암감자탕골목","H_KOR_CITY":"서울특별시","NM_DP":"응암동/감자탕골목","LAW_HEMD":"응암동","ADD_KOR":"서울시 은평구 응암3동 일대","NAME_KOR":"응암동감자탕골목","MAIN_KEY":"BE_IW01-0050","LAW_SIDO":"서울특별시","H_KOR_DONG":"응암3동","LAW_SGG":"은평구"},
{"WGS84_Y":37.5536935109,"WGS84_X":127.0612932517,"H_KOR_GU":"성동구","KOR_ALIAS":"자동차용품거리","H_KOR_CITY":"서울특별시","NM_DP":"장안평자동차/용품거리","LAW_HEMD":"용답동","ADD_KOR":"서울시 성동구 용답동 일대","NAME_KOR":"장안평자동차용품거리","MAIN_KEY":"BE_IW01-0051","LAW_SIDO":"서울특별시","H_KOR_DONG":"용답동","LAW_SGG":"성동구"},
{"WGS84_Y":37.5771315908,"WGS84_X":127.0054112549,"H_KOR_GU":"종로구","KOR_ALIAS":"카페거리","H_KOR_CITY":"서울특별시","NM_DP":"대학로/카페거리","LAW_HEMD":"동숭동","ADD_KOR":"서울시 종로구 이화동 일대","NAME_KOR":"대학로카페거리","MAIN_KEY":"BE_IW01-0052","LAW_SIDO":"서울특별시","H_KOR_DONG":"이화동","LAW_SGG":"종로구"},
{"WGS84_Y":37.515081363,"WGS84_X":127.0090625635,"H_KOR_GU":"서초구","KOR_ALIAS":"간장게장골목","H_KOR_CITY":"서울특별시","NM_DP":"신사동/간장게장골목","LAW_HEMD":"잠원동","ADD_KOR":"서울시 서초구 잠원동 일대","NAME_KOR":"신사동간장게장골목","MAIN_KEY":"BE_IW01-0053","LAW_SIDO":"서울특별시","H_KOR_DONG":"잠원동","LAW_SGG":"서초구"},
{"WGS84_Y":37.5611107256,"WGS84_X":126.9465464425,"H_KOR_GU":"서대문구","KOR_ALIAS":"사주카페거리","H_KOR_CITY":"서울특별시","NM_DP":"이대앞/사주카페거리","LAW_HEMD":"대현동","ADD_KOR":"서울시 서대문구 신촌동 일대","NAME_KOR":"이대앞사주카페거리","MAIN_KEY":"BE_IW01-0054","LAW_SIDO":"서울특별시","H_KOR_DONG":"신촌동","LAW_SGG":"서대문구"},
{"WGS84_Y":37.5580500713,"WGS84_X":126.9774324475,"H_KOR_GU":"중구","KOR_ALIAS":"낚시용품거리","H_KOR_CITY":"서울특별시","NM_DP":"남대문로/낚시용품거리","LAW_HEMD":"남대문로5가","ADD_KOR":"서울시 중구 회현동 일대","NAME_KOR":"남대문로낚시용품거리","MAIN_KEY":"BE_IW01-0055","LAW_SIDO":"서울특별시","H_KOR_DONG":"회현동","LAW_SGG":"중구"},
{"WGS84_Y":37.4787998297,"WGS84_X":126.9940983899,"H_KOR_GU":"서초구","KOR_ALIAS":"방배역먹자골목","H_KOR_CITY":"서울특별시","NM_DP":"방배역/먹자골목","LAW_HEMD":"방배동","ADD_KOR":"서울시 서초구 방배1동 일대","NAME_KOR":"방배역먹자골목","MAIN_KEY":"BE_IW01-0056","LAW_SIDO":"서울특별시","H_KOR_DONG":"방배1동","LAW_SGG":"서초구"},
{"WGS84_Y":37.4829408135,"WGS84_X":126.948985568,"H_KOR_GU":"관악구","KOR_ALIAS":"봉천동먹자골목","H_KOR_CITY":"서울특별시","NM_DP":"봉천동/먹자골목","LAW_HEMD":"봉천동","ADD_KOR":"서울시 관악구 행운동 일대","NAME_KOR":"봉천동먹자골목","MAIN_KEY":"BE_IW01-0057","LAW_SIDO":"서울특별시","H_KOR_DONG":"행운동","LAW_SGG":"관악구"},
{"WGS84_Y":37.568058597,"WGS84_X":126.9788194313,"H_KOR_GU":"중구","KOR_ALIAS":"무교동음식거리","H_KOR_CITY":"서울특별시","NM_DP":"무교동음식/문화의거리","LAW_HEMD":"다동","ADD_KOR":"서울시 중구 명동 일대","NAME_KOR":"무교동음식문화의거리","MAIN_KEY":"BE_IW01-0058","LAW_SIDO":"서울특별시","H_KOR_DONG":"명동","LAW_SGG":"중구"},
{"WGS84_Y":37.5670083299,"WGS84_X":127.040689845,"H_KOR_GU":"성동구","KOR_ALIAS":"마장동먹자골목","H_KOR_CITY":"서울특별시","NM_DP":"30년전통/마장동먹자골목","LAW_HEMD":"마장동","ADD_KOR":"서울시 성동구 마장동 일대","NAME_KOR":"30년전통마장동먹자골목","MAIN_KEY":"BE_IW01-0059","LAW_SIDO":"서울특별시","H_KOR_DONG":"마장동","LAW_SGG":"성동구"},
{"WGS84_Y":37.5828099517,"WGS84_X":126.9803912024,"H_KOR_GU":"종로구","KOR_ALIAS":"삼청동거리","H_KOR_CITY":"서울특별시","NM_DP":"삼청동/문화거리","LAW_HEMD":"화동","ADD_KOR":"서울시 종로구 삼청동 일대","NAME_KOR":"삼청동문화거리","MAIN_KEY":"BE_IW01-0060","LAW_SIDO":"서울특별시","H_KOR_DONG":"삼청동","LAW_SGG":"종로구"},
{"WGS84_Y":37.5714984223,"WGS84_X":126.8725938165,"H_KOR_GU":"마포구","KOR_ALIAS":"메트로폴리스길","H_KOR_CITY":"서울특별시","NM_DP":"메트로/폴리스길","LAW_HEMD":"상암동","ADD_KOR":"서울시 마포구 상암동 일대","NAME_KOR":"메트로폴리스길","MAIN_KEY":"BE_IW01-0061","LAW_SIDO":"서울특별시","H_KOR_DONG":"상암동","LAW_SGG":"마포구"},
{"WGS84_Y":37.5431790738,"WGS84_X":127.1266790476,"H_KOR_GU":"강동구","KOR_ALIAS":"문구.완구거리","H_KOR_CITY":"서울특별시","NM_DP":"천호문구/완구거리","LAW_HEMD":"천호동","ADD_KOR":"서울시 강동구 천호2동 일대","NAME_KOR":"천호문구완구거리","MAIN_KEY":"BE_IW01-0062","LAW_SIDO":"서울특별시","H_KOR_DONG":"천호2동","LAW_SGG":"강동구"},
{"WGS84_Y":37.5637990488,"WGS84_X":126.9545535618,"H_KOR_GU":"서대문구","KOR_ALIAS":"가구거리","H_KOR_CITY":"서울특별시","NM_DP":"북아현동/가구거리","LAW_HEMD":"북아현동","ADD_KOR":"서울시 서대문구 북아현동 일대","NAME_KOR":"북아현동가구거리","MAIN_KEY":"BE_IW01-0063","LAW_SIDO":"서울특별시","H_KOR_DONG":"북아현동","LAW_SGG":"서대문구"},
{"WGS84_Y":37.6192011241,"WGS84_X":126.9353908377,"H_KOR_GU":"은평구","KOR_ALIAS":"불광동먹자골목","H_KOR_CITY":"서울특별시","NM_DP":"불광동/먹자골목","LAW_HEMD":"불광동","ADD_KOR":"서울시 은평구 불광1동 일대","NAME_KOR":"불광동먹자골목","MAIN_KEY":"BE_IW01-0064","LAW_SIDO":"서울특별시","H_KOR_DONG":"불광1동","LAW_SGG":"은평구"},
{"WGS84_Y":37.5365973016,"WGS84_X":126.8758936853,"H_KOR_GU":"양천구","KOR_ALIAS":"바람의거리","H_KOR_CITY":"서울특별시","NM_DP":"바람의거리","LAW_HEMD":"목동","ADD_KOR":"서울시 양천구 목1동 일대","NAME_KOR":"바람의거리","MAIN_KEY":"BE_IW01-0065","LAW_SIDO":"서울특별시","H_KOR_DONG":"목1동","LAW_SGG":"양천구"},
{"WGS84_Y":37.6351725,"WGS84_X":126.9974869,"H_KOR_GU":"강북구","KOR_ALIAS":"순국선열묘역","H_KOR_CITY":"서울특별시","NM_DP":"순국선열묘역/순례길","LAW_HEMD":"수유동","ADD_KOR":"서울시 강북구 인수동 일대","NAME_KOR":"순국선열묘역순례길","MAIN_KEY":"BE_IW01-0066","LAW_SIDO":"서울특별시","H_KOR_DONG":"인수동","LAW_SGG":"강북구"},
{"WGS84_Y":37.516577197,"WGS84_X":126.8629865421,"H_KOR_GU":"양천구","KOR_ALIAS":"어울림의거리","H_KOR_CITY":"서울특별시","NM_DP":"어울림의거리","LAW_HEMD":"신정동","ADD_KOR":"서울시 양천구 신정6동 일대","NAME_KOR":"어울림의거리","MAIN_KEY":"BE_IW01-0067","LAW_SIDO":"서울특별시","H_KOR_DONG":"신정6동","LAW_SGG":"양천구"},
{"WGS84_Y":37.6178956805,"WGS84_X":126.957402192,"H_KOR_GU":"종로구","KOR_ALIAS":"북악산길","H_KOR_CITY":"서울특별시","NM_DP":"북악산길/산책로","LAW_HEMD":"평창동","ADD_KOR":"서울시 종로구 평창동 일대","NAME_KOR":"북악산길산책로","MAIN_KEY":"BE_IW01-0068","LAW_SIDO":"서울특별시","H_KOR_DONG":"평창동","LAW_SGG":"종로구"},
{"WGS84_Y":37.5896729314,"WGS84_X":126.9684554703,"H_KOR_GU":"종로구","KOR_ALIAS":"북악산길","H_KOR_CITY":"서울특별시","NM_DP":"북악산길/산책로","LAW_HEMD":"청운동","ADD_KOR":"서울시 종로구 청운효자동 일대","NAME_KOR":"북악산길산책로","MAIN_KEY":"BE_IW01-0069","LAW_SIDO":"서울특별시","H_KOR_DONG":"청운효자동","LAW_SGG":"종로구"},
{"WGS84_Y":37.5773373025,"WGS84_X":126.8133225984,"H_KOR_GU":"강서구","KOR_ALIAS":"한강자전거도로(강서지구)","H_KOR_CITY":"서울특별시","NM_DP":"한강자전거도로(강서지구)","LAW_HEMD":"개화동","ADD_KOR":"서울시 강서구 방화2동 일대","NAME_KOR":"한강자전거도로(강서지구)","MAIN_KEY":"BE_IW01-0070","LAW_SIDO":"서울특별시","H_KOR_DONG":"방화2동","LAW_SGG":"강서구"},
{"WGS84_Y":37.5389940121,"WGS84_X":126.991703953,"H_KOR_GU":"용산구","KOR_ALIAS":"이태원거리","H_KOR_CITY":"서울특별시","NM_DP":"이태원거리","LAW_HEMD":"이태원동","ADD_KOR":"서울시 용산구 이태원1동 일대","NAME_KOR":"이태원거리","MAIN_KEY":"BE_IW01-0071","LAW_SIDO":"서울특별시","H_KOR_DONG":"이태원1동","LAW_SGG":"용산구"},
{"WGS84_Y":37.5641304492,"WGS84_X":126.9799342986,"H_KOR_GU":"중구","KOR_ALIAS":"정동길","H_KOR_CITY":"서울특별시","NM_DP":"정동길","LAW_HEMD":"정동","ADD_KOR":"서울시 중구 소공동 일대","NAME_KOR":"정동길","MAIN_KEY":"BE_IW01-0072","LAW_SIDO":"서울특별시","H_KOR_DONG":"소공동","LAW_SGG":"중구"},
{"WGS84_Y":37.5888316341,"WGS84_X":127.0625992198,"H_KOR_GU":"동대문구","KOR_ALIAS":"경희대파전골목","H_KOR_CITY":"서울특별시","NM_DP":"경희대파전골목","LAW_HEMD":"휘경동","ADD_KOR":"서울시 동대문구 휘경1동 일대","NAME_KOR":"경희대파전골목","MAIN_KEY":"BE_IW01-0073","LAW_SIDO":"서울특별시","H_KOR_DONG":"휘경1동","LAW_SGG":"동대문구"},
{"WGS84_Y":37.578389933,"WGS84_X":126.9726262878,"H_KOR_GU":"종로구","KOR_ALIAS":"경복궁뒷길","H_KOR_CITY":"서울특별시","NM_DP":"경복궁뒷길","LAW_HEMD":"신문로2가","ADD_KOR":"서울시 종로구 사직동 일대","NAME_KOR":"경복궁뒷길","MAIN_KEY":"BE_IW01-0074","LAW_SIDO":"서울특별시","H_KOR_DONG":"사직동","LAW_SGG":"종로구"},
{"WGS84_Y":37.5828099517,"WGS84_X":126.9803912024,"H_KOR_GU":"종로구","KOR_ALIAS":"별궁길","H_KOR_CITY":"서울특별시","NM_DP":"별궁길","LAW_HEMD":"안국동","ADD_KOR":"서울시 종로구 삼청동 일대","NAME_KOR":"별궁길","MAIN_KEY":"BE_IW01-0075","LAW_SIDO":"서울특별시","H_KOR_DONG":"삼청동","LAW_SGG":"종로구"},
{"WGS84_Y":37.5136359848,"WGS84_X":127.0311957909,"H_KOR_GU":"강남구","KOR_ALIAS":"논현동포차골목","H_KOR_CITY":"서울특별시","NM_DP":"논현동포차골목","LAW_HEMD":"논현동","ADD_KOR":"서울시 강남구 논현1동 일대","NAME_KOR":"논현동포차골목","MAIN_KEY":"BE_IW01-0076","LAW_SIDO":"서울특별시","H_KOR_DONG":"논현1동","LAW_SGG":"강남구"},
{"WGS84_Y":37.5819896661,"WGS84_X":126.9929898185,"H_KOR_GU":"종로구","KOR_ALIAS":"필리핀거리","H_KOR_CITY":"서울특별시","NM_DP":"필리핀거리","LAW_HEMD":"혜화동","ADD_KOR":"서울시 종로구 혜화동 일대","NAME_KOR":"필리핀거리","MAIN_KEY":"BE_IW01-0077","LAW_SIDO":"서울특별시","H_KOR_DONG":"혜화동","LAW_SGG":"종로구"},
{"WGS84_Y":37.5546022525,"WGS84_X":126.9560892337,"H_KOR_GU":"마포구","KOR_ALIAS":"공덕동족발골목","H_KOR_CITY":"서울특별시","NM_DP":"공덕동족발골목","LAW_HEMD":"공덕동","ADD_KOR":"서울시 마포구 아현동 일대","NAME_KOR":"공덕동족발골목","MAIN_KEY":"BE_IW01-0078","LAW_SIDO":"서울특별시","H_KOR_DONG":"아현동","LAW_SGG":"마포구"},
{"WGS84_Y":37.5431790738,"WGS84_X":127.1266790476,"H_KOR_GU":"강동구","KOR_ALIAS":"천호동","H_KOR_CITY":"서울특별시","NM_DP":"천호동/로데오거리","LAW_HEMD":"천호동","ADD_KOR":"서울시 강동구 천호3동 일대","NAME_KOR":"천호동로데오거리","MAIN_KEY":"BE_IW01-0079","LAW_SIDO":"서울특별시","H_KOR_DONG":"천호3동","LAW_SGG":"강동구"},
{"WGS84_Y":37.5353973609,"WGS84_X":127.0059286959,"H_KOR_GU":"용산구","KOR_ALIAS":"꼼데가르송길","H_KOR_CITY":"서울특별시","NM_DP":"꼼데가르송길","LAW_HEMD":"한남동","ADD_KOR":"서울시 용산구 한남동 일대","NAME_KOR":"꼼데가르송길","MAIN_KEY":"BE_IW01-0080","LAW_SIDO":"서울특별시","H_KOR_DONG":"한남동","LAW_SGG":"용산구"},
{"WGS84_Y":37.5736899154,"WGS84_X":127.0001901776,"H_KOR_GU":"종로구","KOR_ALIAS":"생선구이골목","H_KOR_CITY":"서울특별시","NM_DP":"동대문/생선구이골목","LAW_HEMD":"종로5가","ADD_KOR":"서울시 종로구 종로5.6가동 일대","NAME_KOR":"동대문생선구이골목","MAIN_KEY":"BE_IW01-0081","LAW_SIDO":"서울특별시","H_KOR_DONG":"종로5.6가동","LAW_SGG":"종로구"},
{"WGS84_Y":37.4967500548,"WGS84_X":126.9012770519,"H_KOR_GU":"영등포구","KOR_ALIAS":"차이나타운","H_KOR_CITY":"서울특별시","NM_DP":"대림동/차이나타운","LAW_HEMD":"대림동","ADD_KOR":"서울시 영등포구 대림2동 일대","NAME_KOR":"대림동차이나타운","MAIN_KEY":"BE_IW01-0082","LAW_SIDO":"서울특별시","H_KOR_DONG":"대림2동","LAW_SGG":"영등포구"},
{"WGS84_Y":37.482833211,"WGS84_X":126.8873071257,"H_KOR_GU":"구로구","KOR_ALIAS":"차이나타운","H_KOR_CITY":"서울특별시","NM_DP":"가리봉동/차이나타운","LAW_HEMD":"가리봉동","ADD_KOR":"서울시 구로구 가리봉동 일대","NAME_KOR":"가리봉동차이나타운","MAIN_KEY":"BE_IW01-0083","LAW_SIDO":"서울특별시","H_KOR_DONG":"가리봉동","LAW_SGG":"구로구"},
{"WGS84_Y":37.5319212362,"WGS84_X":127.0802146943,"H_KOR_GU":"광진구","KOR_ALIAS":"차이나타운","H_KOR_CITY":"서울특별시","NM_DP":"자양동/차이나타운","LAW_HEMD":"자양동","ADD_KOR":"서울시 광진구 자양4동 일대","NAME_KOR":"자양동차이나타운","MAIN_KEY":"BE_IW01-0084","LAW_SIDO":"서울특별시","H_KOR_DONG":"자양4동","LAW_SGG":"광진구"},
{"WGS84_Y":37.568610138,"WGS84_X":127.0204336493,"H_KOR_GU":"중구","KOR_ALIAS":"시장가구단지","H_KOR_CITY":"서울특별시","NM_DP":"중앙시장/가구단지","LAW_HEMD":"황학동","ADD_KOR":"서울시 중구 황학동 일대","NAME_KOR":"중앙시장가구단지","MAIN_KEY":"BE_IW01-0085","LAW_SIDO":"서울특별시","H_KOR_DONG":"황학동","LAW_SGG":"중구"},
{"WGS84_Y":37.5744028289,"WGS84_X":126.9873802368,"H_KOR_GU":"종로구","KOR_ALIAS":"인사동문화마당","H_KOR_CITY":"서울특별시","NM_DP":"인사동문화마당","LAW_HEMD":"인사동","ADD_KOR":"서울시 종로구 종로1.2.3.4가동 일대","NAME_KOR":"인사동문화마당","MAIN_KEY":"BE_IW01-0086","LAW_SIDO":"서울특별시","H_KOR_DONG":"종로1.2.3.4가동","LAW_SGG":"종로구"},
{"WGS84_Y":37.5542409105,"WGS84_X":126.9379276799,"H_KOR_GU":"마포구","KOR_ALIAS":"홍대예술의거리","H_KOR_CITY":"서울특별시","NM_DP":"홍대예술의거리","LAW_HEMD":"서교동","ADD_KOR":"서울시 마포구 서교동 일대","NAME_KOR":"홍대예술의거리","MAIN_KEY":"BE_IW01-0087","LAW_SIDO":"서울특별시","H_KOR_DONG":"서교동","LAW_SGG":"마포구"},
{"WGS84_Y":37.5611107256,"WGS84_X":126.9465464425,"H_KOR_GU":"서대문구","KOR_ALIAS":"신촌이대거리","H_KOR_CITY":"서울특별시","NM_DP":"신촌이대거리","LAW_HEMD":"창천동","ADD_KOR":"서울시 서대문구 신촌동 일대","NAME_KOR":"신촌이대거리","MAIN_KEY":"BE_IW01-0088","LAW_SIDO":"서울특별시","H_KOR_DONG":"신촌동","LAW_SGG":"서대문구"},
{"WGS84_Y":37.582612384,"WGS84_X":126.9848066184,"H_KOR_GU":"종로구","KOR_ALIAS":"계동길","H_KOR_CITY":"서울특별시","NM_DP":"계동길","LAW_HEMD":"계동","ADD_KOR":"서울시 종로구 가회동 일대","NAME_KOR":"계동길","MAIN_KEY":"BE_IW01-0089","LAW_SIDO":"서울특별시","H_KOR_DONG":"가회동","LAW_SGG":"종로구"},
{"WGS84_Y":37.4829408135,"WGS84_X":126.948985568,"H_KOR_GU":"관악구","KOR_ALIAS":"관악디자인거리","H_KOR_CITY":"서울특별시","NM_DP":"관악디자인거리","LAW_HEMD":"봉천동","ADD_KOR":"서울시 관악구 낙성대동 일대","NAME_KOR":"관악디자인거리","MAIN_KEY":"BE_IW01-0090","LAW_SIDO":"서울특별시","H_KOR_DONG":"낙성대동","LAW_SGG":"관악구"},
{"WGS84_Y":37.5433219294,"WGS84_X":127.0727360464,"H_KOR_GU":"광진구","KOR_ALIAS":"건대맛의거리","H_KOR_CITY":"서울특별시","NM_DP":"건대맛의거리","LAW_HEMD":"화양동","ADD_KOR":"서울시 광진구 화양동 일대","NAME_KOR":"건대맛의거리","MAIN_KEY":"BE_IW01-0091","LAW_SIDO":"서울특별시","H_KOR_DONG":"화양동","LAW_SGG":"광진구"},
{"WGS84_Y":37.6305927195,"WGS84_X":127.087693357,"H_KOR_GU":"노원구","KOR_ALIAS":"화랑로낙엽거리","H_KOR_CITY":"서울특별시","NM_DP":"화랑로낙엽거리","LAW_HEMD":"공릉동","ADD_KOR":"서울시 노원구 공릉2동 일대","NAME_KOR":"화랑로낙엽거리","MAIN_KEY":"BE_IW01-0092","LAW_SIDO":"서울특별시","H_KOR_DONG":"공릉2동","LAW_SGG":"노원구"},
{"WGS84_Y":37.5536935109,"WGS84_X":127.0612932517,"H_KOR_GU":"성동구","KOR_ALIAS":"로데오거리","H_KOR_CITY":"서울특별시","NM_DP":"로데오거리","LAW_HEMD":"용답동","ADD_KOR":"서울시 성동구 용답동 일대","NAME_KOR":"로데오거리","MAIN_KEY":"BE_IW01-0093","LAW_SIDO":"서울특별시","H_KOR_DONG":"용답동","LAW_SGG":"성동구"},
{"WGS84_Y":37.5365973016,"WGS84_X":126.8758936853,"H_KOR_GU":"양천구","KOR_ALIAS":"청소년문화거리","H_KOR_CITY":"서울특별시","NM_DP":"청소년/문화거리","LAW_HEMD":"목동","ADD_KOR":"서울시 양천구 목5동 일대","NAME_KOR":"청소년문화거리","MAIN_KEY":"BE_IW01-0094","LAW_SIDO":"서울특별시","H_KOR_DONG":"목5동","LAW_SGG":"양천구"},
{"WGS84_Y":37.5365973016,"WGS84_X":126.8758936853,"H_KOR_GU":"양천구","KOR_ALIAS":"평화의거리","H_KOR_CITY":"서울특별시","NM_DP":"평화의거리","LAW_HEMD":"목동","ADD_KOR":"서울시 양천구 목5동 일대","NAME_KOR":"평화의거리","MAIN_KEY":"BE_IW01-0095","LAW_SIDO":"서울특별시","H_KOR_DONG":"목5동","LAW_SGG":"양천구"},
{"WGS84_Y":37.5046949142,"WGS84_X":127.0019000246,"H_KOR_GU":"서초구","KOR_ALIAS":"허밍웨이","H_KOR_CITY":"서울특별시","NM_DP":"허밍웨이","LAW_HEMD":"반포동","ADD_KOR":"서울시 서초구 반포본동 일대","NAME_KOR":"허밍웨이","MAIN_KEY":"BE_IW01-0096","LAW_SIDO":"서울특별시","H_KOR_DONG":"반포본동","LAW_SGG":"서초구"},
{"WGS84_Y":37.5353973609,"WGS84_X":127.0059286959,"H_KOR_GU":"용산구","KOR_ALIAS":"이태원솔마루","H_KOR_CITY":"서울특별시","NM_DP":"이태원솔마루","LAW_HEMD":"한남동","ADD_KOR":"서울시 용산구 한남동 일대","NAME_KOR":"이태원솔마루","MAIN_KEY":"BE_IW01-0097","LAW_SIDO":"서울특별시","H_KOR_DONG":"한남동","LAW_SGG":"용산구"},
{"WGS84_Y":37.5046949142,"WGS84_X":127.0019000246,"H_KOR_GU":"서초구","KOR_ALIAS":"서래마을카페거리","H_KOR_CITY":"서울특별시","NM_DP":"서래마을카페거리","LAW_HEMD":"반포동","ADD_KOR":"서울시 서초구 반포4동 일대","NAME_KOR":"서래마을카페거리","MAIN_KEY":"BE_IW01-0098","LAW_SIDO":"서울특별시","H_KOR_DONG":"반포4동","LAW_SGG":"서초구"},
{"WGS84_Y":37.5828099517,"WGS84_X":126.9803912024,"H_KOR_GU":"종로구","KOR_ALIAS":"삼청동길","H_KOR_CITY":"서울특별시","NM_DP":"삼청동길","LAW_HEMD":"삼청동","ADD_KOR":"서울시 종로구 삼청동 일대","NAME_KOR":"삼청동길","MAIN_KEY":"BE_IW01-0099","LAW_SIDO":"서울특별시","H_KOR_DONG":"삼청동","LAW_SGG":"종로구"},
{"WGS84_Y":37.5771315908,"WGS84_X":127.0054112549,"H_KOR_GU":"종로구","KOR_ALIAS":"이화마을","H_KOR_CITY":"서울특별시","NM_DP":"이화마을","LAW_HEMD":"이화동","ADD_KOR":"서울시 종로구 이화동 일대","NAME_KOR":"이화마을","MAIN_KEY":"BE_IW01-0100","LAW_SIDO":"서울특별시","H_KOR_DONG":"이화동","LAW_SGG":"종로구"},
{"WGS84_Y":37.5546022525,"WGS84_X":126.9560892337,"H_KOR_GU":"마포구","KOR_ALIAS":"아현동전골목","H_KOR_CITY":"서울특별시","NM_DP":"아현동전골목","LAW_HEMD":"아현동","ADD_KOR":"서울시 마포구 아현동 일대","NAME_KOR":"아현동전골목","MAIN_KEY":"BE_IW01-0101","LAW_SIDO":"서울특별시","H_KOR_DONG":"아현동","LAW_SGG":"마포구"},
{"WGS84_Y":37.5232030914,"WGS84_X":126.8886175026,"H_KOR_GU":"영등포구","KOR_ALIAS":"안양천벚꽃길","H_KOR_CITY":"서울특별시","NM_DP":"안양천제방/벚꽃길","LAW_HEMD":"양평동","ADD_KOR":"서울시 영등포구 양평1동 일대","NAME_KOR":"안양천제방벚꽃길","MAIN_KEY":"BE_IW01-0102","LAW_SIDO":"서울특별시","H_KOR_DONG":"양평1동","LAW_SGG":"영등포구"},
{"WGS84_Y":37.5365973016,"WGS84_X":126.8758936853,"H_KOR_GU":"양천구","KOR_ALIAS":"배움의거리","H_KOR_CITY":"서울특별시","NM_DP":"배움의거리","LAW_HEMD":"목동","ADD_KOR":"서울시 양천구 목5동 일대","NAME_KOR":"배움의거리","MAIN_KEY":"BE_IW01-0103","LAW_SIDO":"서울특별시","H_KOR_DONG":"목5동","LAW_SGG":"양천구"},
{"WGS84_Y":37.5304833863,"WGS84_X":127.128897657,"H_KOR_GU":"강동구","KOR_ALIAS":"천호디자인거리","H_KOR_CITY":"서울특별시","NM_DP":"천호디자인거리","LAW_HEMD":"성내동","ADD_KOR":"서울시 강동구 성내2동 일대","NAME_KOR":"천호디자인거리","MAIN_KEY":"BE_IW01-0104","LAW_SIDO":"서울특별시","H_KOR_DONG":"성내2동","LAW_SGG":"강동구"},
{"WGS84_Y":37.5238250318,"WGS84_X":127.029231648,"H_KOR_GU":"강남구","KOR_ALIAS":"가로수길","H_KOR_CITY":"서울특별시","NM_DP":"가로수길","LAW_HEMD":"신사동","ADD_KOR":"서울시 강남구 신사동 일대","NAME_KOR":"가로수길","MAIN_KEY":"BE_IW01-0105","LAW_SIDO":"서울특별시","H_KOR_DONG":"신사동","LAW_SGG":"강남구"},
{"WGS84_Y":37.5923458269,"WGS84_X":126.9640836947,"H_KOR_GU":"종로구","KOR_ALIAS":"북악산길","H_KOR_CITY":"서울특별시","NM_DP":"북악산길/산책로","LAW_HEMD":"부암동","ADD_KOR":"서울시 종로구 부암동 일대","NAME_KOR":"북악산길산책로","MAIN_KEY":"BE_IW01-0001","LAW_SIDO":"서울특별시","H_KOR_DONG":"부암동","LAW_SGG":"종로구"},
{"WGS84_Y":37.4885117081,"WGS84_X":127.0164271437,"H_KOR_GU":"서초구","KOR_ALIAS":"강남역먹자골목","H_KOR_CITY":"서울특별시","NM_DP":"강남역/먹자골목","LAW_HEMD":"서초동","ADD_KOR":"서울시 서초구 서초4동 일대","NAME_KOR":"강남역먹자골목","MAIN_KEY":"BE_IW01-0002","LAW_SIDO":"서울특별시","H_KOR_DONG":"서초4동","LAW_SGG":"서초구"},
{"WGS84_Y":37.6168942335,"WGS84_X":126.9973948722,"H_KOR_GU":"성북구","KOR_ALIAS":"둘레길1구간","H_KOR_CITY":"서울특별시","NM_DP":"둘레길1구간","LAW_HEMD":"정릉동","ADD_KOR":"서울시 성북구 정릉3동 일대","NAME_KOR":"둘레길1구간","MAIN_KEY":"BE_IW01-0003","LAW_SIDO":"서울특별시","H_KOR_DONG":"정릉3동","LAW_SGG":"성북구"},
{"WGS84_Y":37.516577197,"WGS84_X":126.8629865421,"H_KOR_GU":"양천구","KOR_ALIAS":"목동로데오거리","H_KOR_CITY":"서울특별시","NM_DP":"목동/로데오거리","LAW_HEMD":"신정동","ADD_KOR":"서울시 양천구 신정4동 일대","NAME_KOR":"목동로데오거리","MAIN_KEY":"BE_IW01-0004","LAW_SIDO":"서울특별시","H_KOR_DONG":"신정4동","LAW_SGG":"양천구"},
{"WGS84_Y":37.5641304492,"WGS84_X":126.9799342986,"H_KOR_GU":"중구","KOR_ALIAS":"돌담길","H_KOR_CITY":"서울특별시","NM_DP":"돌담길","LAW_HEMD":"서소문동","ADD_KOR":"서울시 중구 소공동 일대","NAME_KOR":"돌담길","MAIN_KEY":"BE_IW01-0005","LAW_SIDO":"서울특별시","H_KOR_DONG":"소공동","LAW_SGG":"중구"},
{"WGS84_Y":37.475038316,"WGS84_X":126.8842347738,"H_KOR_GU":"금천구","KOR_ALIAS":"로데오거리","H_KOR_CITY":"서울특별시","NM_DP":"가리봉/로데오거리","LAW_HEMD":"가산동","ADD_KOR":"서울시 금천구 가산동 일대","NAME_KOR":"가리봉로데오거리","MAIN_KEY":"BE_IW01-0006","LAW_SIDO":"서울특별시","H_KOR_DONG":"가산동","LAW_SGG":"금천구"},
{"WGS84_Y":37.4829408135,"WGS84_X":126.948985568,"H_KOR_GU":"관악구","KOR_ALIAS":"차이나타운","H_KOR_CITY":"서울특별시","NM_DP":"봉천동/차이나타운","LAW_HEMD":"봉천동","ADD_KOR":"서울시 관악구 청룡동 일대","NAME_KOR":"봉천동차이나타운","MAIN_KEY":"BE_IW01-0007","LAW_SIDO":"서울특별시","H_KOR_DONG":"청룡동","LAW_SGG":"관악구"},
{"WGS84_Y":37.6178956805,"WGS84_X":126.957402192,"H_KOR_GU":"종로구","KOR_ALIAS":"둘레길3구간","H_KOR_CITY":"서울특별시","NM_DP":"둘레길3구간","LAW_HEMD":"평창동","ADD_KOR":"서울시 종로구 평창동 일대","NAME_KOR":"둘레길3구간","MAIN_KEY":"BE_IW01-0008","LAW_SIDO":"서울특별시","H_KOR_DONG":"평창동","LAW_SGG":"종로구"},
{"WGS84_Y":37.5319212362,"WGS84_X":127.0802146943,"H_KOR_GU":"광진구","KOR_ALIAS":"로데오거리","H_KOR_CITY":"서울특별시","NM_DP":"건대/로데오거리","LAW_HEMD":"자양동","ADD_KOR":"서울시 광진구 자양4동 일대","NAME_KOR":"건대로데오거리","MAIN_KEY":"BE_IW01-0009","LAW_SIDO":"서울특별시","H_KOR_DONG":"자양4동","LAW_SGG":"광진구"},
{"WGS84_Y":37.5353973609,"WGS84_X":127.0059286959,"H_KOR_GU":"용산구","KOR_ALIAS":"해맞이길","H_KOR_CITY":"서울특별시","NM_DP":"해맞이길","LAW_HEMD":"한남동","ADD_KOR":"서울시 용산구 한남동 일대","NAME_KOR":"해맞이길","MAIN_KEY":"BE_IW01-0010","LAW_SIDO":"서울특별시","H_KOR_DONG":"한남동","LAW_SGG":"용산구"},
{"WGS84_Y":37.5613498068,"WGS84_X":126.9959254377,"H_KOR_GU":"중구","KOR_ALIAS":"충무로애견거리","H_KOR_CITY":"서울특별시","NM_DP":"충무로애견거리","LAW_HEMD":"필동2가","ADD_KOR":"서울시 중구 필동 일대","NAME_KOR":"충무로애견거리","MAIN_KEY":"BE_IW01-0011","LAW_SIDO":"서울특별시","H_KOR_DONG":"필동","LAW_SGG":"중구"},
{"WGS84_Y":37.4998663454,"WGS84_X":127.0388891889,"H_KOR_GU":"강남구","KOR_ALIAS":"테헤란로","H_KOR_CITY":"서울특별시","NM_DP":"테헤란로","LAW_HEMD":"역삼동","ADD_KOR":"서울시 강남구 역삼2동 일대","NAME_KOR":"테헤란로","MAIN_KEY":"BE_IW01-0012","LAW_SIDO":"서울특별시","H_KOR_DONG":"역삼2동","LAW_SGG":"강남구"},
{"WGS84_Y":37.5828099517,"WGS84_X":126.9803912024,"H_KOR_GU":"종로구","KOR_ALIAS":"사간동갤러리골","H_KOR_CITY":"서울특별시","NM_DP":"사간동갤러리골","LAW_HEMD":"사간동","ADD_KOR":"서울시 종로구 삼청동 일대","NAME_KOR":"사간동갤러리골","MAIN_KEY":"BE_IW01-0013","LAW_SIDO":"서울특별시","H_KOR_DONG":"삼청동","LAW_SGG":"종로구"},
{"WGS84_Y":37.557255013,"WGS84_X":127.013160116,"H_KOR_GU":"중구","KOR_ALIAS":"떡볶이골목","H_KOR_CITY":"서울특별시","NM_DP":"신당동/떡볶이골목","LAW_HEMD":"신당동","ADD_KOR":"서울시 중구 신당동 일대","NAME_KOR":"신당동떡볶이골목","MAIN_KEY":"BE_IW01-0014","LAW_SIDO":"서울특별시","H_KOR_DONG":"신당동","LAW_SGG":"중구"},
{"WGS84_Y":37.5163186648,"WGS84_X":127.126461696,"H_KOR_GU":"송파구","KOR_ALIAS":"방이동모텔촌","H_KOR_CITY":"서울특별시","NM_DP":"방이동모텔촌","LAW_HEMD":"방이동","ADD_KOR":"서울시 송파구 방이2동 일대","NAME_KOR":"방이동모텔촌","MAIN_KEY":"BE_IW01-0015","LAW_SIDO":"서울특별시","H_KOR_DONG":"방이2동","LAW_SGG":"송파구"},
{"WGS84_Y":37.5771315908,"WGS84_X":127.0054112549,"H_KOR_GU":"종로구","KOR_ALIAS":"대학로거리","H_KOR_CITY":"서울특별시","NM_DP":"대학로거리","LAW_HEMD":"동숭동","ADD_KOR":"서울시 종로구 이화동 일대","NAME_KOR":"대학로거리","MAIN_KEY":"BE_IW01-0016","LAW_SIDO":"서울특별시","H_KOR_DONG":"이화동","LAW_SGG":"종로구"},
{"WGS84_Y":37.475038316,"WGS84_X":126.8842347738,"H_KOR_GU":"금천구","KOR_ALIAS":"먹거리촌","H_KOR_CITY":"서울특별시","NM_DP":"먹거리촌","LAW_HEMD":"가산동","ADD_KOR":"서울시 금천구 가산동 일대","NAME_KOR":"먹거리촌","MAIN_KEY":"BE_IW01-0017","LAW_SIDO":"서울특별시","H_KOR_DONG":"가산동","LAW_SGG":"금천구"},
{"WGS84_Y":37.5613498068,"WGS84_X":126.9959254377,"H_KOR_GU":"중구","KOR_ALIAS":"시장먹거리","H_KOR_CITY":"서울특별시","NM_DP":"인현시장/먹거리","LAW_HEMD":"인현동2가","ADD_KOR":"서울시 중구 광희동 일대","NAME_KOR":"인현시장먹거리","MAIN_KEY":"BE_IW01-0018","LAW_SIDO":"서울특별시","H_KOR_DONG":"광희동","LAW_SGG":"중구"},
{"WGS84_Y":37.5971607572,"WGS84_X":127.0207811637,"H_KOR_GU":"성북구","KOR_ALIAS":"옛집순례길","H_KOR_CITY":"서울특별시","NM_DP":"옛집순례길","LAW_HEMD":"동소문동3가","ADD_KOR":"서울시 성북구 삼선동 일대","NAME_KOR":"옛집순례길","MAIN_KEY":"BE_IW01-0019","LAW_SIDO":"서울특별시","H_KOR_DONG":"삼선동","LAW_SGG":"성북구"},
{"WGS84_Y":37.568058597,"WGS84_X":126.9788194313,"H_KOR_GU":"중구","KOR_ALIAS":"콴챈루거리","H_KOR_CITY":"서울특별시","NM_DP":"콴챈루거리","LAW_HEMD":"남산동2가","ADD_KOR":"서울시 중구 명동 일대","NAME_KOR":"콴챈루거리","MAIN_KEY":"BE_IW01-0020","LAW_SIDO":"서울특별시","H_KOR_DONG":"명동","LAW_SGG":"중구"},
{"WGS84_Y":37.5136359848,"WGS84_X":127.0311957909,"H_KOR_GU":"강남구","KOR_ALIAS":"신의주찹쌀순대","H_KOR_CITY":"서울특별시","NM_DP":"신의주찹쌀순대","LAW_HEMD":"논현동","ADD_KOR":"서울시 강남구 논현2동 일대","NAME_KOR":"신의주찹쌀순대","MAIN_KEY":"BE_IW01-0021","LAW_SIDO":"서울특별시","H_KOR_DONG":"논현2동","LAW_SGG":"강남구"},
{"WGS84_Y":37.5714984223,"WGS84_X":126.8725938165,"H_KOR_GU":"마포구","KOR_ALIAS":"메타세콰이어길","H_KOR_CITY":"서울특별시","NM_DP":"메타세콰이어길","LAW_HEMD":"상암동","ADD_KOR":"서울시 마포구 상암동 일대","NAME_KOR":"메타세콰이어길","MAIN_KEY":"BE_IW01-0022","LAW_SIDO":"서울특별시","H_KOR_DONG":"상암동","LAW_SGG":"마포구"},
{"WGS84_Y":37.5664098491,"WGS84_X":126.9976456492,"H_KOR_GU":"중구","KOR_ALIAS":"도배전문거리","H_KOR_CITY":"서울특별시","NM_DP":"페인트도배/전문거리","LAW_HEMD":"입정동","ADD_KOR":"서울시 중구 을지로동 일대","NAME_KOR":"페인트도배전문거리","MAIN_KEY":"BE_IW01-0023","LAW_SIDO":"서울특별시","H_KOR_DONG":"을지로동","LAW_SGG":"중구"},
{"WGS84_Y":37.5039643623,"WGS84_X":127.1040253187,"H_KOR_GU":"송파구","KOR_ALIAS":"석촌호수길","H_KOR_CITY":"서울특별시","NM_DP":"석촌호수길","LAW_HEMD":"석촌동","ADD_KOR":"서울시 송파구 석촌동 일대","NAME_KOR":"석촌호수길","MAIN_KEY":"BE_IW01-0024","LAW_SIDO":"서울특별시","H_KOR_DONG":"석촌동","LAW_SGG":"송파구"},
{"WGS84_Y":37.4854043468,"WGS84_X":127.1221039568,"H_KOR_GU":"송파구","KOR_ALIAS":"문정동로데오거리","H_KOR_CITY":"서울특별시","NM_DP":"문정동/로데오거리","LAW_HEMD":"문정동","ADD_KOR":"서울시 송파구 문정1동 일대","NAME_KOR":"문정동로데오거리","MAIN_KEY":"BE_IW01-0025","LAW_SIDO":"서울특별시","H_KOR_DONG":"문정1동","LAW_SGG":"송파구"},
{"WGS84_Y":37.5238250318,"WGS84_X":127.029231648,"H_KOR_GU":"강남구","KOR_ALIAS":"카페골목","H_KOR_CITY":"서울특별시","NM_DP":"압구정/카페골목","LAW_HEMD":"신사동","ADD_KOR":"서울시 강남구 압구정동 일대","NAME_KOR":"압구정카페골목","MAIN_KEY":"BE_IW01-0026","LAW_SIDO":"서울특별시","H_KOR_DONG":"압구정동","LAW_SGG":"강남구"},
{"WGS84_Y":37.4632016047,"WGS84_X":126.9345984302,"H_KOR_GU":"관악구","KOR_ALIAS":"걷고싶은문화의거리","H_KOR_CITY":"서울특별시","NM_DP":"걷고싶은/문화의거리","LAW_HEMD":"신림동","ADD_KOR":"서울시 관악구 신림동 일대","NAME_KOR":"걷고싶은문화의거리","MAIN_KEY":"BE_IW01-0027","LAW_SIDO":"서울특별시","H_KOR_DONG":"신림동","LAW_SGG":"관악구"},
{"WGS84_Y":37.5319454062,"WGS84_X":126.9730641438,"H_KOR_GU":"용산구","KOR_ALIAS":"용산감자탕거리","H_KOR_CITY":"서울특별시","NM_DP":"용산/감자탕거리","LAW_HEMD":"한강로2가","ADD_KOR":"서울시 용산구 한강로동 일대","NAME_KOR":"용산감자탕거리","MAIN_KEY":"BE_IW01-0028","LAW_SIDO":"서울특별시","H_KOR_DONG":"한강로동","LAW_SGG":"용산구"},
{"WGS84_Y":37.5613498068,"WGS84_X":126.9959254377,"H_KOR_GU":"중구","KOR_ALIAS":"중앙아시아촌","H_KOR_CITY":"서울특별시","NM_DP":"중앙아시아촌","LAW_HEMD":"광희동1가","ADD_KOR":"서울시 중구 광희동 일대","NAME_KOR":"중앙아시아촌","MAIN_KEY":"BE_IW01-0029","LAW_SIDO":"서울특별시","H_KOR_DONG":"광희동","LAW_SGG":"중구"},
{"WGS84_Y":37.5389940121,"WGS84_X":126.991703953,"H_KOR_GU":"용산구","KOR_ALIAS":"경리단길","H_KOR_CITY":"서울특별시","NM_DP":"경리단길","LAW_HEMD":"이태원동","ADD_KOR":"서울시 용산구 이태원2동 일대","NAME_KOR":"경리단길","MAIN_KEY":"BE_IW01-0030","LAW_SIDO":"서울특별시","H_KOR_DONG":"이태원2동","LAW_SGG":"용산구"},
{"WGS84_Y":37.568058597,"WGS84_X":126.9788194313,"H_KOR_GU":"중구","KOR_ALIAS":"을지한빛거리","H_KOR_CITY":"서울특별시","NM_DP":"을지한빛거리","LAW_HEMD":"장교동","ADD_KOR":"서울시 중구 명동 일대","NAME_KOR":"을지한빛거리","MAIN_KEY":"BE_IW01-0031","LAW_SIDO":"서울특별시","H_KOR_DONG":"명동","LAW_SGG":"중구"},
{"WGS84_Y":37.5254064028,"WGS84_X":127.0523782445,"H_KOR_GU":"강남구","KOR_ALIAS":"청담동명품거리","H_KOR_CITY":"서울특별시","NM_DP":"청담동/명품거리","LAW_HEMD":"청담동","ADD_KOR":"서울시 강남구 청담동 일대","NAME_KOR":"청담동명품거리","MAIN_KEY":"BE_IW01-0032","LAW_SIDO":"서울특별시","H_KOR_DONG":"청담동","LAW_SGG":"강남구"},
{"WGS84_Y":37.6386797307,"WGS84_X":126.9340959558,"H_KOR_GU":"은평구","KOR_ALIAS":"둘레길3구간","H_KOR_CITY":"서울특별시","NM_DP":"둘레길3구간","LAW_HEMD":"진관동","ADD_KOR":"서울시 은평구 진관동 일대","NAME_KOR":"둘레길3구간","MAIN_KEY":"BE_IW01-0033","LAW_SIDO":"서울특별시","H_KOR_DONG":"진관동","LAW_SGG":"은평구"},
{"WGS84_Y":37.5283125747,"WGS84_X":126.9294280442,"H_KOR_GU":"영등포구","KOR_ALIAS":"여의서로","H_KOR_CITY":"서울특별시","NM_DP":"여의서로","LAW_HEMD":"여의도동","ADD_KOR":"서울시 영등포구 여의동 일대","NAME_KOR":"여의서로","MAIN_KEY":"BE_IW01-0034","LAW_SIDO":"서울특별시","H_KOR_DONG":"여의동","LAW_SGG":"영등포구"},
{"WGS84_Y":37.5579256806,"WGS84_X":127.1308327064,"H_KOR_GU":"강동구","KOR_ALIAS":"한강자전거도로(광나루지구)","H_KOR_CITY":"서울특별시","NM_DP":"한강자전거도로(광나루지구)","LAW_HEMD":"암사동","ADD_KOR":"서울시 강동구 암사2동 일대","NAME_KOR":"한강자전거도로(광나루지구)","MAIN_KEY":"BE_IW01-0035","LAW_SIDO":"서울특별시","H_KOR_DONG":"암사2동","LAW_SGG":"강동구"},
{"WGS84_Y":37.515081363,"WGS84_X":127.0090625635,"H_KOR_GU":"서초구","KOR_ALIAS":"아구찜골목","H_KOR_CITY":"서울특별시","NM_DP":"신사동/아구찜골목","LAW_HEMD":"잠원동","ADD_KOR":"서울시 서초구 잠원동 일대","NAME_KOR":"신사동아구찜골목","MAIN_KEY":"BE_IW01-0036","LAW_SIDO":"서울특별시","H_KOR_DONG":"잠원동","LAW_SGG":"서초구"},
{"WGS84_Y":37.5744028289,"WGS84_X":126.9873802368,"H_KOR_GU":"종로구","KOR_ALIAS":"낙원동아구찜거리","H_KOR_CITY":"서울특별시","NM_DP":"낙원동아구찜거리","LAW_HEMD":"낙원동","ADD_KOR":"서울시 종로구 종로1.2.3.4가동 일대","NAME_KOR":"낙원동아구찜거리","MAIN_KEY":"BE_IW01-0106","LAW_SIDO":"서울특별시","H_KOR_DONG":"종로1.2.3.4가동","LAW_SGG":"종로구"},
{"WGS84_Y":37.5006879112,"WGS84_X":126.9736046405,"H_KOR_GU":"동작구","KOR_ALIAS":"현충로","H_KOR_CITY":"서울특별시","NM_DP":"현충로","LAW_HEMD":"동작동","ADD_KOR":"서울시 동작구 사당2동 일대","NAME_KOR":"현충로","MAIN_KEY":"BE_IW01-0107","LAW_SIDO":"서울특별시","H_KOR_DONG":"사당2동","LAW_SGG":"동작구"},
{"WGS84_Y":37.5613859155,"WGS84_X":127.0005749663,"H_KOR_GU":"중구","KOR_ALIAS":"장충단길","H_KOR_CITY":"서울특별시","NM_DP":"장충단길","LAW_HEMD":"장충동2가","ADD_KOR":"서울시 중구 장충동 일대","NAME_KOR":"장충단길","MAIN_KEY":"BE_IW01-0108","LAW_SIDO":"서울특별시","H_KOR_DONG":"장충동","LAW_SGG":"중구"},
{"WGS84_Y":37.5881976109,"WGS84_X":127.0463896964,"H_KOR_GU":"동대문구","KOR_ALIAS":"홍릉길","H_KOR_CITY":"서울특별시","NM_DP":"홍릉길","LAW_HEMD":"청량리동","ADD_KOR":"서울시 동대문구 청량리동 일대","NAME_KOR":"홍릉길","MAIN_KEY":"BE_IW01-0109","LAW_SIDO":"서울특별시","H_KOR_DONG":"청량리동","LAW_SGG":"동대문구"},
{"WGS84_Y":37.5744028289,"WGS84_X":126.9873802368,"H_KOR_GU":"종로구","KOR_ALIAS":"귀금속거리","H_KOR_CITY":"서울특별시","NM_DP":"종로/귀금속거리","LAW_HEMD":"봉익동","ADD_KOR":"서울시 종로구 종로1.2.3.4가동 일대","NAME_KOR":"종로귀금속거리","MAIN_KEY":"BE_IW01-0110","LAW_SIDO":"서울특별시","H_KOR_DONG":"종로1.2.3.4가동","LAW_SGG":"종로구"},
{"WGS84_Y":37.5238250318,"WGS84_X":127.029231648,"H_KOR_GU":"강남구","KOR_ALIAS":"로데오거리","H_KOR_CITY":"서울특별시","NM_DP":"압구정/로데오거리","LAW_HEMD":"신사동","ADD_KOR":"서울시 강남구 압구정동 일대","NAME_KOR":"압구정로데오거리","MAIN_KEY":"BE_IW01-0111","LAW_SIDO":"서울특별시","H_KOR_DONG":"압구정동","LAW_SGG":"강남구"},
{"WGS84_Y":37.5664098491,"WGS84_X":126.9976456492,"H_KOR_GU":"중구","KOR_ALIAS":"초동길","H_KOR_CITY":"서울특별시","NM_DP":"초동길","LAW_HEMD":"초동","ADD_KOR":"서울시 중구 을지로동 일대","NAME_KOR":"초동길","MAIN_KEY":"BE_IW01-0112","LAW_SIDO":"서울특별시","H_KOR_DONG":"을지로동","LAW_SGG":"중구"},
{"WGS84_Y":37.568610138,"WGS84_X":127.0204336493,"H_KOR_GU":"중구","KOR_ALIAS":"도깨비시장","H_KOR_CITY":"서울특별시","NM_DP":"황학동/도깨비시장","LAW_HEMD":"황학동","ADD_KOR":"서울시 중구 황학동 일대","NAME_KOR":"황학동도깨비시장","MAIN_KEY":"BE_IW01-0113","LAW_SIDO":"서울특별시","H_KOR_DONG":"황학동","LAW_SGG":"중구"},
{"WGS84_Y":37.5896729314,"WGS84_X":126.9684554703,"H_KOR_GU":"종로구","KOR_ALIAS":"청와대앞길","H_KOR_CITY":"서울특별시","NM_DP":"청와대앞길","LAW_HEMD":"통인동","ADD_KOR":"서울시 종로구 청운효자동 일대","NAME_KOR":"청와대앞길","MAIN_KEY":"BE_IW01-0114","LAW_SIDO":"서울특별시","H_KOR_DONG":"청운효자동","LAW_SGG":"종로구"},
{"WGS84_Y":37.6644711,"WGS84_X":126.9832661,"H_KOR_GU":"강북구","KOR_ALIAS":"먹거리마을","H_KOR_CITY":"서울특별시","NM_DP":"우이동/먹거리마을","LAW_HEMD":"우이동","ADD_KOR":"서울시 강북구 우이동 일대","NAME_KOR":"우이동먹거리마을","MAIN_KEY":"BE_IW01-0115","LAW_SIDO":"서울특별시","H_KOR_DONG":"우이동","LAW_SGG":"강북구"},
{"WGS84_Y":37.516577197,"WGS84_X":126.8629865421,"H_KOR_GU":"양천구","KOR_ALIAS":"사랑의거리","H_KOR_CITY":"서울특별시","NM_DP":"사랑의거리","LAW_HEMD":"신정동","ADD_KOR":"서울시 양천구 신정7동 일대","NAME_KOR":"사랑의거리","MAIN_KEY":"BE_IW01-0116","LAW_SIDO":"서울특별시","H_KOR_DONG":"신정7동","LAW_SGG":"양천구"},
{"WGS84_Y":37.59692086,"WGS84_X":126.9921504705,"H_KOR_GU":"성북구","KOR_ALIAS":"성북동길","H_KOR_CITY":"서울특별시","NM_DP":"성북동길","LAW_HEMD":"성북동","ADD_KOR":"서울시 성북구 성북동 일대","NAME_KOR":"성북동길","MAIN_KEY":"BE_IW01-0117","LAW_SIDO":"서울특별시","H_KOR_DONG":"성북동","LAW_SGG":"성북구"},
{"WGS84_Y":37.5580500713,"WGS84_X":126.9774324475,"H_KOR_GU":"중구","KOR_ALIAS":"남대문갈치조림골목","H_KOR_CITY":"서울특별시","NM_DP":"남대문갈치조림골목","LAW_HEMD":"남창동","ADD_KOR":"서울시 중구 회현동 일대","NAME_KOR":"남대문갈치조림골목","MAIN_KEY":"BE_IW01-0118","LAW_SIDO":"서울특별시","H_KOR_DONG":"회현동","LAW_SGG":"중구"},
{"WGS84_Y":37.5365973016,"WGS84_X":126.8758936853,"H_KOR_GU":"양천구","KOR_ALIAS":"꽃향기와새소리의거리","H_KOR_CITY":"서울특별시","NM_DP":"꽃향기와/새소리의거리","LAW_HEMD":"목동","ADD_KOR":"서울시 양천구 목5동 일대","NAME_KOR":"꽃향기와새소리의거리","MAIN_KEY":"BE_IW01-0119","LAW_SIDO":"서울특별시","H_KOR_DONG":"목5동","LAW_SGG":"양천구"},
{"WGS84_Y":37.6351725,"WGS84_X":126.9974869,"H_KOR_GU":"강북구","KOR_ALIAS":"둘레길1구간","H_KOR_CITY":"서울특별시","NM_DP":"둘레길1구간","LAW_HEMD":"수유동","ADD_KOR":"서울시 강북구 인수동 일대","NAME_KOR":"둘레길1구간","MAIN_KEY":"BE_IW01-0120","LAW_SIDO":"서울특별시","H_KOR_DONG":"인수동","LAW_SGG":"강북구"},
{"WGS84_Y":37.5613498068,"WGS84_X":126.9959254377,"H_KOR_GU":"중구","KOR_ALIAS":"청계천헌책방거리","H_KOR_CITY":"서울특별시","NM_DP":"청계천/헌책방거리","LAW_HEMD":"을지로6가","ADD_KOR":"서울시 중구 광희동 일대","NAME_KOR":"청계천헌책방거리","MAIN_KEY":"BE_IW01-0121","LAW_SIDO":"서울특별시","H_KOR_DONG":"광희동","LAW_SGG":"중구"},
{"WGS84_Y":37.5059772708,"WGS84_X":126.9115342551,"H_KOR_GU":"영등포구","KOR_ALIAS":"홍어거리","H_KOR_CITY":"서울특별시","NM_DP":"신길동/홍어거리","LAW_HEMD":"신길동","ADD_KOR":"서울시 영등포구 신길4동 일대","NAME_KOR":"신길동홍어거리","MAIN_KEY":"BE_IW01-0122","LAW_SIDO":"서울특별시","H_KOR_DONG":"신길4동","LAW_SGG":"영등포구"},
{"WGS84_Y":37.6209706338,"WGS84_X":126.9129160256,"H_KOR_GU":"은평구","KOR_ALIAS":"로데오거리","H_KOR_CITY":"서울특별시","NM_DP":"연신내/로데오거리","LAW_HEMD":"갈현동","ADD_KOR":"서울시 은평구 갈현2동 일대","NAME_KOR":"연신내로데오거리","MAIN_KEY":"BE_IW01-0123","LAW_SIDO":"서울특별시","H_KOR_DONG":"갈현2동","LAW_SGG":"은평구"},
{"WGS84_Y":37.5365973016,"WGS84_X":126.8758936853,"H_KOR_GU":"양천구","KOR_ALIAS":"빛과통신의거리","H_KOR_CITY":"서울특별시","NM_DP":"빛과통신의/거리","LAW_HEMD":"목동","ADD_KOR":"서울시 양천구 목1동 일대","NAME_KOR":"빛과통신의거리","MAIN_KEY":"BE_IW01-0124","LAW_SIDO":"서울특별시","H_KOR_DONG":"목1동","LAW_SGG":"양천구"},
{"WGS84_Y":37.5714984223,"WGS84_X":126.8725938165,"H_KOR_GU":"마포구","KOR_ALIAS":"웰빙황토길","H_KOR_CITY":"서울특별시","NM_DP":"웰빙황토길","LAW_HEMD":"상암동","ADD_KOR":"서울시 마포구 상암동 일대","NAME_KOR":"웰빙황토길","MAIN_KEY":"BE_IW01-0125","LAW_SIDO":"서울특별시","H_KOR_DONG":"상암동","LAW_SGG":"마포구"},
{"WGS84_Y":37.6178956805,"WGS84_X":126.957402192,"H_KOR_GU":"종로구","KOR_ALIAS":"북악산길","H_KOR_CITY":"서울특별시","NM_DP":"북악산길/산책로","LAW_HEMD":"평창동","ADD_KOR":"서울시 종로구 평창동 일대","NAME_KOR":"북악산길산책로","MAIN_KEY":"BE_IW01-0126","LAW_SIDO":"서울특별시","H_KOR_DONG":"평창동","LAW_SGG":"종로구"},
{"WGS84_Y":37.5613498068,"WGS84_X":126.9959254377,"H_KOR_GU":"중구","KOR_ALIAS":"북측순환도로","H_KOR_CITY":"서울특별시","NM_DP":"남산공원북측/순환도로","LAW_HEMD":"예장동","ADD_KOR":"서울시 중구 필동 일대","NAME_KOR":"남산공원북측순환도로","MAIN_KEY":"BE_IW01-0127","LAW_SIDO":"서울특별시","H_KOR_DONG":"필동","LAW_SGG":"중구"},
{"WGS84_Y":37.5631083128,"WGS84_X":126.9223460779,"H_KOR_GU":"마포구","KOR_ALIAS":"차이나타운","H_KOR_CITY":"서울특별시","NM_DP":"연남동/차이나타운","LAW_HEMD":"연남동","ADD_KOR":"서울시 마포구 연남동 일대","NAME_KOR":"연남동차이나타운","MAIN_KEY":"BE_IW01-0128","LAW_SIDO":"서울특별시","H_KOR_DONG":"연남동","LAW_SGG":"마포구"},
{"WGS84_Y":37.5611107256,"WGS84_X":126.9465464425,"H_KOR_GU":"서대문구","KOR_ALIAS":"신촌명물순대","H_KOR_CITY":"서울특별시","NM_DP":"신촌명물순대","LAW_HEMD":"창천동","ADD_KOR":"서울시 서대문구 신촌동 일대","NAME_KOR":"신촌명물순대","MAIN_KEY":"BE_IW01-0129","LAW_SIDO":"서울특별시","H_KOR_DONG":"신촌동","LAW_SGG":"서대문구"},
{"WGS84_Y":37.5486842731,"WGS84_X":127.1496921479,"H_KOR_GU":"강동구","KOR_ALIAS":"당리순대국","H_KOR_CITY":"서울특별시","NM_DP":"당리순대국","LAW_HEMD":"명일동","ADD_KOR":"서울시 강동구 명일2동 일대","NAME_KOR":"당리순대국","MAIN_KEY":"BE_IW01-0130","LAW_SIDO":"서울특별시","H_KOR_DONG":"명일2동","LAW_SGG":"강동구"},
{"WGS84_Y":37.52168028,"WGS84_X":126.8984840296,"H_KOR_GU":"영등포구","KOR_ALIAS":"신의주찹쌀순대","H_KOR_CITY":"서울특별시","NM_DP":"신의주찹쌀순대/영등포구청역점","LAW_HEMD":"당산동3가","ADD_KOR":"서울시 영등포구 당산1동 일대","NAME_KOR":"신의주찹쌀순대영등포구청역점","MAIN_KEY":"BE_IW01-0131","LAW_SIDO":"서울특별시","H_KOR_DONG":"당산1동","LAW_SGG":"영등포구"},
{"WGS84_Y":37.5403675217,"WGS84_X":127.0581593864,"H_KOR_GU":"성동구","KOR_ALIAS":"김가네순대국","H_KOR_CITY":"서울특별시","NM_DP":"김가네순대국","LAW_HEMD":"성수동2가","ADD_KOR":"서울시 성동구 성수2가1동 일대","NAME_KOR":"김가네순대국","MAIN_KEY":"BE_IW01-0132","LAW_SIDO":"서울특별시","H_KOR_DONG":"성수2가1동","LAW_SGG":"성동구"},
{"WGS84_Y":37.6178956805,"WGS84_X":126.957402192,"H_KOR_GU":"종로구","KOR_ALIAS":"평창동화랑가","H_KOR_CITY":"서울특별시","NM_DP":"평창동화랑가","LAW_HEMD":"평창동","ADD_KOR":"서울시 종로구 평창동 일대","NAME_KOR":"평창동화랑가","MAIN_KEY":"BE_IW01-0133","LAW_SIDO":"서울특별시","H_KOR_DONG":"평창동","LAW_SGG":"종로구"},
{"WGS84_Y":37.5637990488,"WGS84_X":126.9545535618,"H_KOR_GU":"서대문구","KOR_ALIAS":"아현동웨딩거리","H_KOR_CITY":"서울특별시","NM_DP":"아현동/웨딩거리","LAW_HEMD":"북아현동","ADD_KOR":"서울시 서대문구 북아현동 일대","NAME_KOR":"아현동웨딩거리","MAIN_KEY":"BE_IW01-0134","LAW_SIDO":"서울특별시","H_KOR_DONG":"북아현동","LAW_SGG":"서대문구"},
{"WGS84_Y":37.5971607572,"WGS84_X":127.0207811637,"H_KOR_GU":"성북구","KOR_ALIAS":"장수길","H_KOR_CITY":"서울특별시","NM_DP":"장수길","LAW_HEMD":"삼선동1가","ADD_KOR":"서울시 성북구 삼선동 일대","NAME_KOR":"장수길","MAIN_KEY":"BE_IW01-0037","LAW_SIDO":"서울특별시","H_KOR_DONG":"삼선동","LAW_SGG":"성북구"},
{"WGS84_Y":37.59692086,"WGS84_X":126.9921504705,"H_KOR_GU":"성북구","KOR_ALIAS":"둘레길2구간","H_KOR_CITY":"서울특별시","NM_DP":"둘레길2구간","LAW_HEMD":"성북동","ADD_KOR":"서울시 성북구 성북동 일대","NAME_KOR":"둘레길2구간","MAIN_KEY":"BE_IW01-0038","LAW_SIDO":"서울특별시","H_KOR_DONG":"성북동","LAW_SGG":"성북구"},
{"WGS84_Y":37.6644711,"WGS84_X":126.9832661,"H_KOR_GU":"강북구","KOR_ALIAS":"순례길구간","H_KOR_CITY":"서울특별시","NM_DP":"둘레길/순례길구간","LAW_HEMD":"우이동","ADD_KOR":"서울시 강북구 우이동 일대","NAME_KOR":"둘레길순례길구간","MAIN_KEY":"BE_IW01-0039","LAW_SIDO":"서울특별시","H_KOR_DONG":"우이동","LAW_SGG":"강북구"},
{"WGS84_Y":37.516577197,"WGS84_X":126.8629865421,"H_KOR_GU":"양천구","KOR_ALIAS":"고향의거리","H_KOR_CITY":"서울특별시","NM_DP":"고향의거리","LAW_HEMD":"신정동","ADD_KOR":"서울시 양천구 신정6동 일대","NAME_KOR":"고향의거리","MAIN_KEY":"BE_IW01-0040","LAW_SIDO":"서울특별시","H_KOR_DONG":"신정6동","LAW_SGG":"양천구"},
{"WGS84_Y":37.568610138,"WGS84_X":127.0204336493,"H_KOR_GU":"중구","KOR_ALIAS":"왕십리곱창골목","H_KOR_CITY":"서울특별시","NM_DP":"왕십리곱창골목","LAW_HEMD":"황학동","ADD_KOR":"서울시 중구 황학동 일대","NAME_KOR":"왕십리곱창골목","MAIN_KEY":"BE_IW01-0041","LAW_SIDO":"서울특별시","H_KOR_DONG":"황학동","LAW_SGG":"중구"}
]
}